{"stats":{"minecraft:killed_by":{"minecraft:skeleton":1,"minecraft:creeper":1},"minecraft:killed":{"minecraft:spider":1},"minecraft:used":{"minecraft:oak_log":2},"minecraft:picked_up":{"minecraft:stick":1,"minecraft:wheat_seeds":1,"minecraft:rose_bush":2,"minecraft:oak_log":2},"minecraft:custom":{"minecraft:time_since_rest":6494,"minecraft:crouch_one_cm":997,"minecraft:play_one_minute":24663,"minecraft:damage_taken":555,"minecraft:sprint_one_cm":12602,"minecraft:deaths":2,"minecraft:walk_one_cm":88079,"minecraft:sneak_time":293,"minecraft:walk_under_water_one_cm":304,"minecraft:mob_kills":1,"minecraft:jump":263,"minecraft:damage_dealt":293,"minecraft:leave_game":7,"minecraft:time_since_death":6428,"minecraft:walk_on_water_one_cm":4328,"minecraft:fall_one_cm":4818,"minecraft:fly_one_cm":9457},"minecraft:mined":{"minecraft:grass":3,"minecraft:oak_log":2,"minecraft:rose_bush":3,"minecraft:oak_leaves":4,"minecraft:fern":2}},"DataVersion":2586}