{"stats":{"minecraft:killed_by":{"minecraft:skeleton":1,"minecraft:creeper":1,"minecraft:spider":1,"minecraft:zombie":1},"minecraft:killed":{"minecraft:spider":1},"minecraft:used":{"minecraft:oak_log":2,"minecraft:dirt":35,"minecraft:spruce_log":1},"minecraft:picked_up":{"minecraft:birch_log":2,"minecraft:stick":7,"minecraft:sweet_berries":2,"minecraft:wheat_seeds":1,"minecraft:rose_bush":2,"minecraft:oak_log":2,"minecraft:spruce_log":1,"minecraft:oak_sapling":2,"minecraft:string":1,"minecraft:dirt":41},"minecraft:custom":{"minecraft:time_since_rest":2818,"minecraft:damage_taken":1275,"minecraft:play_one_minute":60648,"minecraft:crouch_one_cm":1088,"minecraft:sprint_one_cm":39935,"minecraft:deaths":5,"minecraft:walk_one_cm":144886,"minecraft:sneak_time":332,"minecraft:walk_under_water_one_cm":943,"minecraft:mob_kills":1,"minecraft:jump":527,"minecraft:damage_dealt":353,"minecraft:leave_game":9,"minecraft:time_since_death":2750,"minecraft:walk_on_water_one_cm":6166,"minecraft:swim_one_cm":189,"minecraft:fall_one_cm":8184,"minecraft:fly_one_cm":23484},"minecraft:mined":{"minecraft:grass":12,"minecraft:grass_block":50,"minecraft:oak_log":2,"minecraft:rose_bush":3,"minecraft:dirt":7,"minecraft:sweet_berry_bush":1,"minecraft:spruce_leaves":19,"minecraft:spruce_log":1,"minecraft:birch_leaves":9,"minecraft:oak_leaves":17,"minecraft:fern":3}},"DataVersion":2586}