{"stats":{"minecraft:mined":{"minecraft:oak_log":2},"minecraft:custom":{"minecraft:jump":156,"minecraft:time_since_rest":10459,"minecraft:leave_game":1,"minecraft:crouch_one_cm":203,"minecraft:play_one_minute":10459,"minecraft:sprint_one_cm":3343,"minecraft:walk_on_water_one_cm":2377,"minecraft:time_since_death":10459,"minecraft:walk_one_cm":63469,"minecraft:sneak_time":21,"minecraft:walk_under_water_one_cm":304,"minecraft:fall_one_cm":2059,"minecraft:fly_one_cm":979},"minecraft:picked_up":{"minecraft:oak_log":2}},"DataVersion":2586}