{"stats":{"minecraft:killed_by":{"minecraft:skeleton":1,"minecraft:creeper":1,"minecraft:spider":1,"minecraft:zombie":1},"minecraft:killed":{"minecraft:spider":1},"minecraft:used":{"minecraft:oak_log":2,"minecraft:dirt":15},"minecraft:picked_up":{"minecraft:birch_log":2,"minecraft:stick":3,"minecraft:wheat_seeds":1,"minecraft:rose_bush":2,"minecraft:oak_log":2,"minecraft:oak_sapling":2,"minecraft:string":1,"minecraft:dirt":18},"minecraft:custom":{"minecraft:time_since_rest":3697,"minecraft:damage_taken":1045,"minecraft:play_one_minute":48578,"minecraft:crouch_one_cm":1088,"minecraft:sprint_one_cm":31802,"minecraft:deaths":4,"minecraft:walk_one_cm":121540,"minecraft:sneak_time":319,"minecraft:walk_under_water_one_cm":304,"minecraft:mob_kills":1,"minecraft:jump":429,"minecraft:damage_dealt":353,"minecraft:leave_game":8,"minecraft:time_since_death":3648,"minecraft:walk_on_water_one_cm":4328,"minecraft:fall_one_cm":7288,"minecraft:fly_one_cm":19667},"minecraft:mined":{"minecraft:grass":8,"minecraft:grass_block":28,"minecraft:oak_log":2,"minecraft:rose_bush":3,"minecraft:dirt":2,"minecraft:birch_leaves":1,"minecraft:oak_leaves":17,"minecraft:fern":2}},"DataVersion":2586}