{"stats":{"minecraft:killed_by":{"minecraft:skeleton":1,"minecraft:creeper":1,"minecraft:spider":2,"minecraft:zombie":1},"minecraft:killed":{"minecraft:spider":1},"minecraft:used":{"minecraft:oak_log":2,"minecraft:rotten_flesh":7,"minecraft:dirt":35,"minecraft:oak_sapling":1,"minecraft:spruce_log":1},"minecraft:picked_up":{"minecraft:birch_log":2,"minecraft:stick":7,"minecraft:sweet_berries":2,"minecraft:oak_log":2,"minecraft:spruce_log":1,"minecraft:string":1,"minecraft:dirt":45,"minecraft:rotten_flesh":2,"minecraft:wheat_seeds":1,"minecraft:rose_bush":2,"minecraft:oak_sapling":3},"minecraft:custom":{"minecraft:time_since_rest":7167,"minecraft:sprint_one_cm":57713,"minecraft:damage_taken":1733,"minecraft:walk_one_cm":184039,"minecraft:mob_kills":1,"minecraft:damage_dealt":513,"minecraft:swim_one_cm":189,"minecraft:fly_one_cm":30969,"minecraft:open_chest":5,"minecraft:crouch_one_cm":1088,"minecraft:play_one_minute":73908,"minecraft:deaths":6,"minecraft:sneak_time":343,"minecraft:walk_under_water_one_cm":1198,"minecraft:jump":623,"minecraft:leave_game":12,"minecraft:walk_on_water_one_cm":6372,"minecraft:time_since_death":10254,"minecraft:sleep_in_bed":1,"minecraft:climb_one_cm":2004,"minecraft:fall_one_cm":9095},"minecraft:mined":{"minecraft:sweet_berry_bush":1,"minecraft:spruce_log":1,"minecraft:birch_leaves":9,"minecraft:grass":12,"minecraft:grass_block":50,"minecraft:oak_log":2,"minecraft:rose_bush":3,"minecraft:dirt":7,"minecraft:spruce_leaves":19,"minecraft:oak_leaves":18,"minecraft:fern":3}},"DataVersion":2586}