{"stats":{"minecraft:picked_up":{"minecraft:stick":1,"minecraft:oak_log":2},"minecraft:custom":{"minecraft:jump":166,"minecraft:time_since_rest":11594,"minecraft:damage_taken":40,"minecraft:leave_game":3,"minecraft:play_one_minute":11594,"minecraft:crouch_one_cm":203,"minecraft:time_since_death":11594,"minecraft:sprint_one_cm":6495,"minecraft:walk_on_water_one_cm":2377,"minecraft:walk_one_cm":65147,"minecraft:sneak_time":21,"minecraft:walk_under_water_one_cm":304,"minecraft:fall_one_cm":2059,"minecraft:fly_one_cm":2165},"minecraft:mined":{"minecraft:oak_log":2}},"DataVersion":2586}