{"stats":{"minecraft:killed":{"minecraft:cave_spider":1,"minecraft:skeleton":4,"minecraft:zombie_villager":1,"minecraft:zombie":2},"minecraft:mined":{"minecraft:mossy_cobblestone":2,"minecraft:stone_button":1,"minecraft:grass_block":18,"minecraft:oxeye_daisy":8,"minecraft:furnace":1,"minecraft:carrots":1,"minecraft:iron_ore":48,"minecraft:andesite":14,"minecraft:potatoes":2,"minecraft:oak_stairs":25,"minecraft:stone":196,"minecraft:glass_pane":9,"minecraft:dandelion":2,"minecraft:oak_fence":5,"minecraft:crafting_table":3,"minecraft:torch":5,"minecraft:blast_furnace":1,"minecraft:tall_grass":2,"minecraft:cobblestone":29,"minecraft:sugar_cane":1,"minecraft:oak_planks":34,"minecraft:diorite":20,"minecraft:wall_torch":5,"minecraft:wheat":14,"minecraft:birch_leaves":14,"minecraft:grass_path":5,"minecraft:grass":27,"minecraft:oak_log":93,"minecraft:coal_ore":15,"minecraft:beetroots":4,"minecraft:dirt":60,"minecraft:gold_ore":9,"minecraft:oak_leaves":187},"minecraft:custom":{"minecraft:mob_kills":8,"minecraft:interact_with_crafting_table":76,"minecraft:bell_ring":61,"minecraft:leave_game":3,"minecraft:time_since_death":163172,"minecraft:climb_one_cm":1110,"minecraft:sprint_one_cm":613524,"minecraft:walk_one_cm":958413,"minecraft:damage_blocked_by_shield":295,"minecraft:drop":140,"minecraft:talked_to_villager":31,"minecraft:deaths":3,"minecraft:sneak_time":203,"minecraft:walk_under_water_one_cm":7761,"minecraft:jump":2062,"minecraft:interact_with_blast_furnace":41,"minecraft:walk_on_water_one_cm":16089,"minecraft:interact_with_furnace":36,"minecraft:traded_with_villager":4,"minecraft:play_one_minute":235717,"minecraft:sleep_in_bed":5,"minecraft:time_since_rest":119562,"minecraft:damage_taken":1664,"minecraft:damage_dealt":1625,"minecraft:fly_one_cm":99102,"minecraft:open_chest":70,"minecraft:crouch_one_cm":33,"minecraft:fall_one_cm":23355},"minecraft:killed_by":{"minecraft:zombie":1},"minecraft:crafted":{"minecraft:wooden_sword":1,"minecraft:oak_door":3,"minecraft:oak_planks":340,"minecraft:furnace":1,"minecraft:lever":1,"minecraft:glass_pane":112,"minecraft:iron_boots":1,"minecraft:iron_axe":1,"minecraft:stone_pickaxe":3,"minecraft:chest":7,"minecraft:oak_button":1,"minecraft:oak_fence":60,"minecraft:emerald":4,"minecraft:crafting_table":3,"minecraft:wooden_pickaxe":3,"minecraft:iron_helmet":1,"minecraft:iron_sword":2,"minecraft:bucket":2,"minecraft:stone_axe":1,"minecraft:bread":1,"minecraft:iron_chestplate":2,"minecraft:shield":1,"minecraft:stick":72,"minecraft:compass":1,"minecraft:iron_ingot":78,"minecraft:iron_pickaxe":2,"minecraft:wooden_axe":3,"minecraft:stone_sword":1,"minecraft:iron_leggings":2,"minecraft:gold_ingot":11,"minecraft:torch":4,"minecraft:shears":1},"minecraft:broken":{"minecraft:iron_pickaxe":1,"minecraft:wooden_axe":1},"minecraft:used":{"minecraft:oak_fence":66,"minecraft:beetroot":4,"minecraft:stone_sword":5,"minecraft:chest":7,"minecraft:shield":5,"minecraft:iron_sword":38,"minecraft:rotten_flesh":8,"minecraft:oak_door":1,"minecraft:torch":39,"minecraft:dirt":44,"minecraft:carrot":8,"minecraft:granite":5,"minecraft:wooden_axe":68,"minecraft:iron_axe":149,"minecraft:oak_stairs":10,"minecraft:furnace":2,"minecraft:beetroot_seeds":1,"minecraft:potato":8,"minecraft:cooked_mutton":5,"minecraft:diorite":9,"minecraft:birch_leaves":4,"minecraft:stone_pickaxe":4,"minecraft:baked_potato":1,"minecraft:oak_planks":405,"minecraft:wooden_pickaxe":43,"minecraft:oak_leaves":105,"minecraft:oak_slab":1,"minecraft:crafting_table":8,"minecraft:blast_furnace":1,"minecraft:spider_eye":1,"minecraft:shears":121,"minecraft:oak_log":11,"minecraft:lever":1,"minecraft:cornflower":1,"minecraft:apple":3,"minecraft:bread":7,"minecraft:oak_button":1,"minecraft:iron_pickaxe":381,"minecraft:stone_button":1,"minecraft:gravel":2,"minecraft:stone_axe":1,"minecraft:cobblestone":199,"minecraft:cooked_porkchop":3,"minecraft:andesite":9,"minecraft:glass_pane":120},"minecraft:dropped":{"minecraft:iron_ingot":1,"minecraft:iron_sword":1,"minecraft:oak_log":4,"minecraft:mossy_cobblestone":3,"minecraft:cooked_porkchop":4,"minecraft:coal":23,"minecraft:dirt":45,"minecraft:iron_leggings":2,"minecraft:oak_stairs":12,"minecraft:iron_axe":1,"minecraft:bucket":2,"minecraft:dandelion":3,"minecraft:compass":1,"minecraft:rotten_flesh":9,"minecraft:oak_planks":56,"minecraft:iron_boots":1,"minecraft:cooked_mutton":1,"minecraft:carrot":1,"minecraft:arrow":1,"minecraft:stone_pickaxe":2},"minecraft:picked_up":{"minecraft:wooden_axe":2,"minecraft:crafting_table":5,"minecraft:wheat":4,"minecraft:wooden_pickaxe":2,"minecraft:oak_stairs":23,"minecraft:shield":2,"minecraft:cornflower":1,"minecraft:string":2,"minecraft:iron_axe":1,"minecraft:wooden_sword":1,"minecraft:iron_leggings":2,"minecraft:compass":1,"minecraft:beetroot":4,"minecraft:sugar_cane":6,"minecraft:iron_boots":2,"minecraft:furnace":1,"minecraft:stick":8,"minecraft:oak_fence":9,"minecraft:torch":45,"minecraft:stone_button":1,"minecraft:diorite":29,"minecraft:carrot":4,"minecraft:stone_sword":1,"minecraft:arrow":10,"minecraft:rotten_flesh":43,"minecraft:beetroot_seeds":20,"minecraft:rail":1,"minecraft:cobblestone":214,"minecraft:oxeye_daisy":7,"minecraft:birch_leaves":7,"minecraft:andesite":23,"minecraft:potato":5,"minecraft:oak_log":106,"minecraft:dirt":105,"minecraft:cooked_mutton":6,"minecraft:glass":16,"minecraft:bone":9,"minecraft:apple":3,"minecraft:bow":2,"minecraft:wheat_seeds":26,"minecraft:stone_pickaxe":1,"minecraft:iron_ingot":7,"minecraft:iron_ore":72,"minecraft:iron_sword":2,"minecraft:oak_planks":300,"minecraft:oak_slab":1,"minecraft:cooked_porkchop":15,"minecraft:dandelion":3,"minecraft:gravel":2,"minecraft:blast_furnace":1,"minecraft:white_bed":1,"minecraft:gold_ore":6,"minecraft:spider_eye":1,"minecraft:mossy_cobblestone":3,"minecraft:iron_helmet":1,"minecraft:granite":5,"minecraft:bread":6,"minecraft:baked_potato":1,"minecraft:oak_sapling":5,"minecraft:coal":79,"minecraft:oak_leaves":107}},"DataVersion":2586}