{"stats":{"minecraft:picked_up":{"minecraft:wooden_axe":2,"minecraft:crafting_table":3,"minecraft:andesite":17,"minecraft:wooden_pickaxe":2,"minecraft:oak_log":22,"minecraft:shield":1,"minecraft:dirt":3,"minecraft:string":2,"minecraft:wooden_sword":1,"minecraft:bone":7,"minecraft:apple":3,"minecraft:beetroot":1,"minecraft:bow":1,"minecraft:wheat_seeds":2,"minecraft:iron_ingot":2,"minecraft:iron_ore":36,"minecraft:oak_planks":3,"minecraft:iron_boots":1,"minecraft:furnace":1,"minecraft:oak_fence":3,"minecraft:torch":32,"minecraft:blast_furnace":1,"minecraft:diorite":9,"minecraft:gold_ore":6,"minecraft:stone_sword":1,"minecraft:arrow":8,"minecraft:rotten_flesh":15,"minecraft:beetroot_seeds":2,"minecraft:iron_helmet":1,"minecraft:granite":5,"minecraft:bread":5,"minecraft:coal":72,"minecraft:rail":1,"minecraft:cobblestone":66},"minecraft:killed":{"minecraft:cave_spider":1,"minecraft:zombie_villager":1,"minecraft:skeleton":4,"minecraft:zombie":2},"minecraft:custom":{"minecraft:interact_with_furnace":19,"minecraft:mob_kills":8,"minecraft:interact_with_crafting_table":21,"minecraft:play_one_minute":70097,"minecraft:bell_ring":27,"minecraft:leave_game":1,"minecraft:time_since_death":12901,"minecraft:sleep_in_bed":1,"minecraft:climb_one_cm":1110,"minecraft:time_since_rest":12955,"minecraft:sprint_one_cm":195937,"minecraft:damage_taken":774,"minecraft:walk_one_cm":241149,"minecraft:damage_blocked_by_shield":295,"minecraft:drop":54,"minecraft:damage_dealt":1133,"minecraft:talked_to_villager":7,"minecraft:fly_one_cm":32644,"minecraft:open_chest":1,"minecraft:deaths":2,"minecraft:walk_under_water_one_cm":3116,"minecraft:jump":694,"minecraft:interact_with_blast_furnace":10,"minecraft:walk_on_water_one_cm":13832,"minecraft:fall_one_cm":9337},"minecraft:used":{"minecraft:beetroot":1,"minecraft:diorite":9,"minecraft:stone_sword":5,"minecraft:stone_pickaxe":4,"minecraft:oak_planks":1,"minecraft:wooden_pickaxe":22,"minecraft:shield":5,"minecraft:iron_sword":27,"minecraft:torch":29,"minecraft:dirt":3,"minecraft:crafting_table":5,"minecraft:blast_furnace":1,"minecraft:granite":5,"minecraft:wooden_axe":2,"minecraft:apple":3,"minecraft:bread":5,"minecraft:iron_pickaxe":125,"minecraft:stone_axe":1,"minecraft:cobblestone":21,"minecraft:furnace":2,"minecraft:beetroot_seeds":1,"minecraft:andesite":3},"minecraft:killed_by":{"minecraft:zombie":1},"minecraft:mined":{"minecraft:dandelion":2,"minecraft:crafting_table":2,"minecraft:blast_furnace":1,"minecraft:tall_grass":1,"minecraft:cobblestone":2,"minecraft:wall_torch":1,"minecraft:furnace":1,"minecraft:iron_ore":44,"minecraft:andesite":9,"minecraft:grass":6,"minecraft:oak_log":8,"minecraft:coal_ore":8,"minecraft:beetroots":1,"minecraft:dirt":2,"minecraft:stone":71,"minecraft:gold_ore":9},"minecraft:crafted":{"minecraft:wooden_sword":1,"minecraft:oak_planks":88,"minecraft:crafting_table":2,"minecraft:wooden_pickaxe":2,"minecraft:iron_sword":1,"minecraft:furnace":1,"minecraft:stone_axe":1,"minecraft:iron_chestplate":1,"minecraft:stick":24,"minecraft:iron_ingot":24,"minecraft:iron_pickaxe":1,"minecraft:stone_pickaxe":3,"minecraft:wooden_axe":2,"minecraft:stone_sword":1,"minecraft:iron_leggings":1,"minecraft:torch":4},"minecraft:dropped":{"minecraft:oak_planks":50,"minecraft:coal":23,"minecraft:arrow":1,"minecraft:stone_pickaxe":1}},"DataVersion":2586}