{"stats":{"minecraft:picked_up":{"minecraft:wooden_axe":2,"minecraft:crafting_table":3,"minecraft:andesite":17,"minecraft:wooden_pickaxe":2,"minecraft:oak_log":22,"minecraft:shield":1,"minecraft:dirt":3,"minecraft:wooden_sword":1,"minecraft:bone":6,"minecraft:apple":3,"minecraft:beetroot":1,"minecraft:bow":1,"minecraft:wheat_seeds":2,"minecraft:iron_ingot":2,"minecraft:iron_ore":32,"minecraft:oak_planks":3,"minecraft:iron_boots":1,"minecraft:furnace":1,"minecraft:oak_fence":3,"minecraft:torch":31,"minecraft:blast_furnace":1,"minecraft:diorite":9,"minecraft:gold_ore":6,"minecraft:stone_sword":1,"minecraft:arrow":6,"minecraft:rotten_flesh":15,"minecraft:beetroot_seeds":2,"minecraft:iron_helmet":1,"minecraft:granite":5,"minecraft:bread":5,"minecraft:coal":72,"minecraft:rail":1,"minecraft:cobblestone":66},"minecraft:killed":{"minecraft:skeleton":3,"minecraft:zombie":2},"minecraft:custom":{"minecraft:interact_with_furnace":19,"minecraft:mob_kills":5,"minecraft:interact_with_crafting_table":21,"minecraft:play_one_minute":52126,"minecraft:bell_ring":27,"minecraft:time_since_death":35931,"minecraft:sleep_in_bed":1,"minecraft:climb_one_cm":1110,"minecraft:time_since_rest":35959,"minecraft:sprint_one_cm":113611,"minecraft:damage_taken":679,"minecraft:walk_one_cm":165356,"minecraft:damage_blocked_by_shield":235,"minecraft:drop":54,"minecraft:damage_dealt":632,"minecraft:talked_to_villager":7,"minecraft:fly_one_cm":25431,"minecraft:open_chest":1,"minecraft:deaths":1,"minecraft:walk_under_water_one_cm":2874,"minecraft:jump":526,"minecraft:interact_with_blast_furnace":10,"minecraft:walk_on_water_one_cm":8760,"minecraft:fall_one_cm":7518},"minecraft:used":{"minecraft:beetroot":1,"minecraft:stone_sword":5,"minecraft:stone_pickaxe":4,"minecraft:oak_planks":1,"minecraft:shield":2,"minecraft:wooden_pickaxe":22,"minecraft:iron_sword":17,"minecraft:torch":23,"minecraft:dirt":3,"minecraft:crafting_table":5,"minecraft:blast_furnace":1,"minecraft:granite":2,"minecraft:wooden_axe":2,"minecraft:apple":3,"minecraft:bread":4,"minecraft:iron_pickaxe":121,"minecraft:stone_axe":1,"minecraft:cobblestone":21,"minecraft:furnace":2,"minecraft:beetroot_seeds":1,"minecraft:andesite":3},"minecraft:killed_by":{"minecraft:zombie":1},"minecraft:mined":{"minecraft:dandelion":2,"minecraft:crafting_table":2,"minecraft:blast_furnace":1,"minecraft:tall_grass":1,"minecraft:cobblestone":2,"minecraft:furnace":1,"minecraft:iron_ore":40,"minecraft:andesite":9,"minecraft:grass":6,"minecraft:oak_log":8,"minecraft:coal_ore":8,"minecraft:beetroots":1,"minecraft:dirt":2,"minecraft:stone":71,"minecraft:gold_ore":9},"minecraft:crafted":{"minecraft:wooden_sword":1,"minecraft:oak_planks":88,"minecraft:crafting_table":2,"minecraft:wooden_pickaxe":2,"minecraft:iron_sword":1,"minecraft:furnace":1,"minecraft:stone_axe":1,"minecraft:iron_chestplate":1,"minecraft:stick":24,"minecraft:iron_ingot":24,"minecraft:iron_pickaxe":1,"minecraft:stone_pickaxe":3,"minecraft:wooden_axe":2,"minecraft:stone_sword":1,"minecraft:iron_leggings":1,"minecraft:torch":4},"minecraft:dropped":{"minecraft:oak_planks":50,"minecraft:coal":23,"minecraft:arrow":1,"minecraft:stone_pickaxe":1}},"DataVersion":2586}