{"stats":{"minecraft:killed_by":{"minecraft:creeper":1,"minecraft:spider":2,"minecraft:enderman":2,"minecraft:skeleton":2,"minecraft:zombie":2},"minecraft:killed":{"minecraft:cave_spider":1,"minecraft:skeleton":4,"minecraft:chicken":1,"minecraft:pig":5,"minecraft:zombie_villager":1,"minecraft:iron_golem":1,"minecraft:sheep":1,"minecraft:trader_llama":1,"minecraft:zombie":2,"minecraft:cow":2},"minecraft:used":{"minecraft:oak_fence":66,"minecraft:beetroot":4,"minecraft:stone_sword":5,"minecraft:chest":7,"minecraft:shield":15,"minecraft:iron_sword":53,"minecraft:rotten_flesh":9,"minecraft:netherrack":21,"minecraft:oak_door":1,"minecraft:torch":71,"minecraft:dirt":58,"minecraft:mutton":1,"minecraft:carrot":15,"minecraft:granite":12,"minecraft:iron_hoe":4,"minecraft:wooden_axe":87,"minecraft:iron_axe":149,"minecraft:oak_stairs":10,"minecraft:bow":4,"minecraft:beef":2,"minecraft:sweet_berries":21,"minecraft:furnace":3,"minecraft:beetroot_seeds":1,"minecraft:potato":32,"minecraft:wheat_seeds":15,"minecraft:cooked_mutton":5,"minecraft:water_bucket":14,"minecraft:diorite":9,"minecraft:iron_ore":5,"minecraft:birch_leaves":13,"minecraft:glass_bottle":10,"minecraft:stone_pickaxe":288,"minecraft:baked_potato":3,"minecraft:oak_planks":435,"minecraft:wooden_pickaxe":117,"minecraft:oak_leaves":139,"minecraft:mossy_cobblestone":3,"minecraft:oak_slab":1,"minecraft:crafting_table":11,"minecraft:spider_eye":2,"minecraft:blast_furnace":1,"minecraft:white_bed":1,"minecraft:shears":237,"minecraft:oak_log":12,"minecraft:lever":1,"minecraft:cornflower":1,"minecraft:apple":3,"minecraft:chicken":1,"minecraft:bread":11,"minecraft:iron_pickaxe":394,"minecraft:oak_button":2,"minecraft:stone_button":1,"minecraft:spruce_sapling":1,"minecraft:gravel":2,"minecraft:stone_axe":44,"minecraft:wooden_sword":14,"minecraft:cobblestone":241,"minecraft:potion":1,"minecraft:cooked_porkchop":5,"minecraft:andesite":12,"minecraft:bucket":18,"minecraft:glass_pane":120,"minecraft:bone_meal":6},"minecraft:crafted":{"minecraft:wooden_sword":1,"minecraft:oak_door":3,"minecraft:oak_planks":436,"minecraft:furnace":2,"minecraft:bone_meal":6,"minecraft:lever":1,"minecraft:glass_pane":112,"minecraft:iron_boots":1,"minecraft:iron_axe":1,"minecraft:stone_pickaxe":7,"minecraft:chest":7,"minecraft:oak_button":1,"minecraft:oak_fence":60,"minecraft:cooked_beef":1,"minecraft:glass_bottle":9,"minecraft:emerald":4,"minecraft:cooked_porkchop":2,"minecraft:crafting_table":5,"minecraft:iron_helmet":1,"minecraft:wooden_pickaxe":8,"minecraft:baked_potato":11,"minecraft:iron_sword":3,"minecraft:birch_planks":64,"minecraft:bucket":2,"minecraft:stone_axe":1,"minecraft:bread":5,"minecraft:iron_chestplate":2,"minecraft:shield":1,"minecraft:stick":120,"minecraft:compass":1,"minecraft:iron_ingot":83,"minecraft:iron_pickaxe":4,"minecraft:wooden_axe":4,"minecraft:stone_sword":1,"minecraft:iron_leggings":2,"minecraft:gold_ingot":11,"minecraft:torch":36,"minecraft:shears":1},"minecraft:picked_up":{"minecraft:wooden_axe":2,"minecraft:crafting_table":7,"minecraft:wheat":17,"minecraft:chicken":1,"minecraft:lead":1,"minecraft:wooden_pickaxe":3,"minecraft:oak_stairs":23,"minecraft:shield":5,"minecraft:cornflower":1,"minecraft:string":3,"minecraft:iron_axe":1,"minecraft:wooden_sword":1,"minecraft:iron_leggings":3,"minecraft:compass":1,"minecraft:beetroot":4,"minecraft:gold_nugget":2,"minecraft:bucket":1,"minecraft:beef":3,"minecraft:poppy":4,"minecraft:iron_pickaxe":2,"minecraft:sugar_cane":6,"minecraft:furnace":2,"minecraft:iron_boots":3,"minecraft:egg":1,"minecraft:stick":8,"minecraft:oak_fence":12,"minecraft:torch":54,"minecraft:porkchop":9,"minecraft:stone_button":1,"minecraft:diorite":33,"minecraft:carrot":9,"minecraft:stone_sword":1,"minecraft:arrow":14,"minecraft:rotten_flesh":47,"minecraft:beetroot_seeds":20,"minecraft:peony":1,"minecraft:mutton":1,"minecraft:white_wool":1,"minecraft:rail":2,"minecraft:cobblestone":284,"minecraft:oxeye_daisy":7,"minecraft:birch_log":16,"minecraft:birch_leaves":17,"minecraft:andesite":26,"minecraft:leather":1,"minecraft:potato":49,"minecraft:oak_log":131,"minecraft:dirt":144,"minecraft:cooked_mutton":6,"minecraft:glass":16,"minecraft:bone":11,"minecraft:apple":3,"minecraft:bow":2,"minecraft:wheat_seeds":66,"minecraft:stone_pickaxe":4,"minecraft:iron_ingot":12,"minecraft:iron_ore":164,"minecraft:iron_sword":3,"minecraft:oak_planks":322,"minecraft:oak_slab":2,"minecraft:cooked_porkchop":15,"minecraft:sweet_berries":17,"minecraft:dandelion":3,"minecraft:gravel":2,"minecraft:spruce_sapling":1,"minecraft:blast_furnace":1,"minecraft:white_bed":1,"minecraft:gold_ore":6,"minecraft:spider_eye":1,"minecraft:mossy_cobblestone":3,"minecraft:iron_hoe":1,"minecraft:iron_helmet":3,"minecraft:granite":17,"minecraft:oak_button":1,"minecraft:bread":6,"minecraft:baked_potato":4,"minecraft:oak_sapling":5,"minecraft:netherrack":101,"minecraft:coal":87,"minecraft:oak_leaves":201},"minecraft:custom":{"minecraft:mob_kills":19,"minecraft:interact_with_crafting_table":113,"minecraft:bell_ring":61,"minecraft:leave_game":7,"minecraft:time_since_death":5828,"minecraft:climb_one_cm":2458,"minecraft:sprint_one_cm":1323942,"minecraft:walk_one_cm":1755500,"minecraft:damage_blocked_by_shield":840,"minecraft:drop":174,"minecraft:talked_to_villager":36,"minecraft:deaths":14,"minecraft:sneak_time":374,"minecraft:walk_under_water_one_cm":12859,"minecraft:jump":4084,"minecraft:interact_with_blast_furnace":49,"minecraft:walk_on_water_one_cm":41831,"minecraft:interact_with_furnace":71,"minecraft:traded_with_villager":4,"minecraft:play_one_minute":419993,"minecraft:sleep_in_bed":6,"minecraft:time_since_rest":5876,"minecraft:damage_taken":4717,"minecraft:damage_dealt":3901,"minecraft:swim_one_cm":27799,"minecraft:fly_one_cm":241847,"minecraft:open_chest":172,"minecraft:crouch_one_cm":613,"minecraft:fall_one_cm":54516},"minecraft:broken":{"minecraft:shears":1,"minecraft:stone_axe":1,"minecraft:iron_pickaxe":1,"minecraft:wooden_axe":1},"minecraft:mined":{"minecraft:mossy_cobblestone":2,"minecraft:granite":12,"minecraft:stone_button":1,"minecraft:grass_block":23,"minecraft:spruce_leaves":14,"minecraft:oxeye_daisy":8,"minecraft:furnace":2,"minecraft:carrots":3,"minecraft:iron_ore":140,"minecraft:andesite":17,"minecraft:peony":1,"minecraft:potatoes":29,"minecraft:rail":1,"minecraft:oak_stairs":25,"minecraft:stone":253,"minecraft:glass_pane":9,"minecraft:dandelion":2,"minecraft:oak_fence":6,"minecraft:crafting_table":4,"minecraft:torch":10,"minecraft:blast_furnace":1,"minecraft:tall_grass":2,"minecraft:cobblestone":38,"minecraft:sugar_cane":1,"minecraft:oak_planks":53,"minecraft:diorite":20,"minecraft:wall_torch":7,"minecraft:sweet_berry_bush":10,"minecraft:birch_log":16,"minecraft:wheat":29,"minecraft:birch_leaves":25,"minecraft:grass_path":8,"minecraft:grass":38,"minecraft:oak_log":122,"minecraft:coal_ore":22,"minecraft:beetroots":4,"minecraft:dirt":73,"minecraft:netherrack":100,"minecraft:gold_ore":9,"minecraft:oak_leaves":303},"minecraft:dropped":{"minecraft:iron_ingot":1,"minecraft:iron_sword":2,"minecraft:oak_log":4,"minecraft:baked_potato":12,"minecraft:mossy_cobblestone":3,"minecraft:cooked_porkchop":4,"minecraft:iron_helmet":3,"minecraft:coal":23,"minecraft:dirt":45,"minecraft:potion":2,"minecraft:iron_leggings":4,"minecraft:oak_stairs":12,"minecraft:iron_axe":1,"minecraft:iron_pickaxe":2,"minecraft:bucket":2,"minecraft:dandelion":3,"minecraft:compass":1,"minecraft:wheat":1,"minecraft:rotten_flesh":11,"minecraft:oak_planks":56,"minecraft:iron_boots":3,"minecraft:cooked_mutton":1,"minecraft:carrot":3,"minecraft:poppy":2,"minecraft:shield":2,"minecraft:iron_chestplate":1,"minecraft:arrow":1,"minecraft:stone_pickaxe":2}},"DataVersion":2586}