{"stats":{"minecraft:killed":{"minecraft:cave_spider":1,"minecraft:zombie_villager":1,"minecraft:skeleton":4,"minecraft:zombie":2},"minecraft:mined":{"minecraft:dandelion":2,"minecraft:crafting_table":3,"minecraft:torch":5,"minecraft:blast_furnace":1,"minecraft:grass_block":16,"minecraft:tall_grass":2,"minecraft:cobblestone":16,"minecraft:oxeye_daisy":6,"minecraft:sugar_cane":1,"minecraft:oak_planks":2,"minecraft:diorite":20,"minecraft:wall_torch":3,"minecraft:carrots":1,"minecraft:furnace":1,"minecraft:iron_ore":48,"minecraft:wheat":4,"minecraft:birch_leaves":1,"minecraft:andesite":13,"minecraft:grass_path":5,"minecraft:grass":12,"minecraft:potatoes":2,"minecraft:oak_log":24,"minecraft:coal_ore":15,"minecraft:beetroots":4,"minecraft:dirt":38,"minecraft:stone":196,"minecraft:gold_ore":9,"minecraft:oak_leaves":1},"minecraft:custom":{"minecraft:interact_with_furnace":27,"minecraft:mob_kills":8,"minecraft:traded_with_villager":4,"minecraft:interact_with_crafting_table":43,"minecraft:play_one_minute":152080,"minecraft:bell_ring":61,"minecraft:leave_game":2,"minecraft:time_since_death":79535,"minecraft:sleep_in_bed":5,"minecraft:climb_one_cm":1110,"minecraft:time_since_rest":35925,"minecraft:sprint_one_cm":466474,"minecraft:damage_taken":1441,"minecraft:walk_one_cm":532797,"minecraft:damage_blocked_by_shield":295,"minecraft:drop":111,"minecraft:damage_dealt":1372,"minecraft:fly_one_cm":81297,"minecraft:talked_to_villager":28,"minecraft:open_chest":31,"minecraft:crouch_one_cm":33,"minecraft:deaths":3,"minecraft:sneak_time":203,"minecraft:walk_under_water_one_cm":7761,"minecraft:jump":1459,"minecraft:interact_with_blast_furnace":27,"minecraft:walk_on_water_one_cm":16089,"minecraft:fall_one_cm":16747},"minecraft:killed_by":{"minecraft:zombie":1},"minecraft:crafted":{"minecraft:wooden_sword":1,"minecraft:oak_planks":120,"minecraft:emerald":4,"minecraft:crafting_table":3,"minecraft:wooden_pickaxe":3,"minecraft:iron_helmet":1,"minecraft:iron_sword":2,"minecraft:furnace":1,"minecraft:bucket":2,"minecraft:stone_axe":1,"minecraft:bread":1,"minecraft:iron_boots":1,"minecraft:iron_chestplate":2,"minecraft:shield":1,"minecraft:stick":32,"minecraft:compass":1,"minecraft:iron_ingot":62,"minecraft:iron_pickaxe":2,"minecraft:stone_pickaxe":3,"minecraft:wooden_axe":3,"minecraft:stone_sword":1,"minecraft:chest":1,"minecraft:iron_leggings":2,"minecraft:torch":4},"minecraft:used":{"minecraft:cooked_mutton":5,"minecraft:beetroot":4,"minecraft:diorite":9,"minecraft:stone_sword":5,"minecraft:stone_pickaxe":4,"minecraft:oak_planks":7,"minecraft:chest":1,"minecraft:wooden_pickaxe":26,"minecraft:iron_sword":38,"minecraft:shield":5,"minecraft:torch":38,"minecraft:rotten_flesh":4,"minecraft:dirt":18,"minecraft:crafting_table":6,"minecraft:blast_furnace":1,"minecraft:spider_eye":1,"minecraft:carrot":8,"minecraft:granite":5,"minecraft:oak_log":2,"minecraft:wooden_axe":19,"minecraft:cornflower":1,"minecraft:apple":3,"minecraft:bread":6,"minecraft:iron_pickaxe":358,"minecraft:stone_axe":1,"minecraft:cobblestone":102,"minecraft:furnace":2,"minecraft:beetroot_seeds":1,"minecraft:andesite":3,"minecraft:potato":6},"minecraft:dropped":{"minecraft:iron_ingot":1,"minecraft:iron_sword":1,"minecraft:compass":1,"minecraft:oak_planks":50,"minecraft:iron_boots":1,"minecraft:cooked_mutton":1,"minecraft:carrot":1,"minecraft:coal":23,"minecraft:dirt":45,"minecraft:iron_leggings":2,"minecraft:arrow":1,"minecraft:stone_pickaxe":2,"minecraft:bucket":2,"minecraft:dandelion":3},"minecraft:picked_up":{"minecraft:wooden_axe":2,"minecraft:crafting_table":5,"minecraft:wheat":3,"minecraft:andesite":22,"minecraft:wooden_pickaxe":2,"minecraft:potato":5,"minecraft:oak_log":40,"minecraft:shield":2,"minecraft:dirt":86,"minecraft:cornflower":1,"minecraft:string":2,"minecraft:wooden_sword":1,"minecraft:iron_leggings":2,"minecraft:cooked_mutton":6,"minecraft:compass":1,"minecraft:bone":7,"minecraft:beetroot":4,"minecraft:apple":3,"minecraft:bow":1,"minecraft:wheat_seeds":18,"minecraft:stone_pickaxe":1,"minecraft:iron_ingot":7,"minecraft:iron_ore":72,"minecraft:sugar_cane":3,"minecraft:iron_sword":2,"minecraft:oak_planks":6,"minecraft:iron_boots":2,"minecraft:furnace":1,"minecraft:stick":5,"minecraft:oak_fence":3,"minecraft:torch":43,"minecraft:dandelion":3,"minecraft:gravel":2,"minecraft:blast_furnace":1,"minecraft:diorite":29,"minecraft:carrot":4,"minecraft:gold_ore":6,"minecraft:spider_eye":1,"minecraft:stone_sword":1,"minecraft:arrow":9,"minecraft:rotten_flesh":19,"minecraft:beetroot_seeds":11,"minecraft:iron_helmet":1,"minecraft:granite":5,"minecraft:bread":6,"minecraft:coal":79,"minecraft:rail":1,"minecraft:cobblestone":203,"minecraft:oxeye_daisy":3}},"DataVersion":2586}