{"stats":{"minecraft:killed":{"minecraft:cave_spider":1,"minecraft:skeleton":4,"minecraft:zombie_villager":1,"minecraft:zombie":2},"minecraft:mined":{"minecraft:stone_button":1,"minecraft:grass_block":17,"minecraft:oxeye_daisy":8,"minecraft:furnace":1,"minecraft:carrots":1,"minecraft:iron_ore":48,"minecraft:andesite":13,"minecraft:potatoes":2,"minecraft:stone":196,"minecraft:dandelion":2,"minecraft:crafting_table":3,"minecraft:torch":5,"minecraft:blast_furnace":1,"minecraft:cobblestone":24,"minecraft:tall_grass":2,"minecraft:oak_planks":3,"minecraft:sugar_cane":1,"minecraft:diorite":20,"minecraft:wall_torch":4,"minecraft:wheat":14,"minecraft:birch_leaves":1,"minecraft:grass_path":5,"minecraft:grass":21,"minecraft:coal_ore":15,"minecraft:oak_log":62,"minecraft:beetroots":4,"minecraft:dirt":57,"minecraft:gold_ore":9,"minecraft:oak_leaves":63},"minecraft:custom":{"minecraft:mob_kills":8,"minecraft:interact_with_crafting_table":54,"minecraft:bell_ring":61,"minecraft:leave_game":2,"minecraft:time_since_death":103535,"minecraft:climb_one_cm":1110,"minecraft:sprint_one_cm":518707,"minecraft:walk_one_cm":649727,"minecraft:damage_blocked_by_shield":295,"minecraft:drop":111,"minecraft:talked_to_villager":30,"minecraft:deaths":3,"minecraft:sneak_time":203,"minecraft:walk_under_water_one_cm":7761,"minecraft:jump":1685,"minecraft:interact_with_blast_furnace":31,"minecraft:walk_on_water_one_cm":16089,"minecraft:interact_with_furnace":30,"minecraft:traded_with_villager":4,"minecraft:play_one_minute":176080,"minecraft:sleep_in_bed":5,"minecraft:time_since_rest":59925,"minecraft:damage_taken":1584,"minecraft:damage_dealt":1535,"minecraft:fly_one_cm":88670,"minecraft:open_chest":39,"minecraft:crouch_one_cm":33,"minecraft:fall_one_cm":19149},"minecraft:killed_by":{"minecraft:zombie":1},"minecraft:crafted":{"minecraft:wooden_sword":1,"minecraft:oak_planks":232,"minecraft:furnace":1,"minecraft:lever":1,"minecraft:glass_pane":32,"minecraft:iron_boots":1,"minecraft:iron_axe":1,"minecraft:stone_pickaxe":3,"minecraft:chest":1,"minecraft:emerald":4,"minecraft:crafting_table":3,"minecraft:wooden_pickaxe":3,"minecraft:iron_helmet":1,"minecraft:iron_sword":2,"minecraft:bucket":2,"minecraft:stone_axe":1,"minecraft:bread":1,"minecraft:iron_chestplate":2,"minecraft:shield":1,"minecraft:stick":32,"minecraft:iron_ingot":76,"minecraft:compass":1,"minecraft:iron_pickaxe":2,"minecraft:wooden_axe":3,"minecraft:stone_sword":1,"minecraft:iron_leggings":2,"minecraft:gold_ingot":11,"minecraft:torch":4},"minecraft:broken":{"minecraft:iron_pickaxe":1,"minecraft:wooden_axe":1},"minecraft:used":{"minecraft:beetroot":4,"minecraft:stone_sword":5,"minecraft:chest":1,"minecraft:shield":5,"minecraft:iron_sword":38,"minecraft:rotten_flesh":4,"minecraft:torch":39,"minecraft:dirt":41,"minecraft:carrot":8,"minecraft:granite":5,"minecraft:wooden_axe":68,"minecraft:iron_axe":52,"minecraft:furnace":2,"minecraft:beetroot_seeds":1,"minecraft:potato":6,"minecraft:cooked_mutton":5,"minecraft:diorite":9,"minecraft:stone_pickaxe":4,"minecraft:oak_planks":159,"minecraft:wooden_pickaxe":26,"minecraft:crafting_table":6,"minecraft:blast_furnace":1,"minecraft:spider_eye":1,"minecraft:oak_log":11,"minecraft:lever":1,"minecraft:cornflower":1,"minecraft:apple":3,"minecraft:bread":7,"minecraft:iron_pickaxe":381,"minecraft:stone_button":1,"minecraft:stone_axe":1,"minecraft:cobblestone":189,"minecraft:andesite":8},"minecraft:dropped":{"minecraft:iron_ingot":1,"minecraft:iron_sword":1,"minecraft:coal":23,"minecraft:dirt":45,"minecraft:iron_leggings":2,"minecraft:bucket":2,"minecraft:dandelion":3,"minecraft:compass":1,"minecraft:oak_planks":50,"minecraft:iron_boots":1,"minecraft:cooked_mutton":1,"minecraft:carrot":1,"minecraft:arrow":1,"minecraft:stone_pickaxe":2},"minecraft:picked_up":{"minecraft:wooden_axe":2,"minecraft:crafting_table":5,"minecraft:wheat":4,"minecraft:wooden_pickaxe":2,"minecraft:shield":2,"minecraft:cornflower":1,"minecraft:string":2,"minecraft:wooden_sword":1,"minecraft:iron_leggings":2,"minecraft:compass":1,"minecraft:beetroot":4,"minecraft:sugar_cane":3,"minecraft:iron_boots":2,"minecraft:furnace":1,"minecraft:stick":6,"minecraft:oak_fence":4,"minecraft:torch":45,"minecraft:stone_button":1,"minecraft:diorite":29,"minecraft:carrot":4,"minecraft:stone_sword":1,"minecraft:arrow":10,"minecraft:rotten_flesh":25,"minecraft:beetroot_seeds":20,"minecraft:rail":1,"minecraft:cobblestone":208,"minecraft:oxeye_daisy":7,"minecraft:andesite":22,"minecraft:potato":5,"minecraft:oak_log":75,"minecraft:dirt":101,"minecraft:cooked_mutton":6,"minecraft:glass":16,"minecraft:bone":9,"minecraft:apple":3,"minecraft:bow":2,"minecraft:wheat_seeds":26,"minecraft:iron_ore":72,"minecraft:iron_ingot":7,"minecraft:stone_pickaxe":1,"minecraft:oak_planks":107,"minecraft:iron_sword":2,"minecraft:dandelion":3,"minecraft:gravel":2,"minecraft:blast_furnace":1,"minecraft:white_bed":1,"minecraft:gold_ore":6,"minecraft:spider_eye":1,"minecraft:mossy_cobblestone":1,"minecraft:iron_helmet":1,"minecraft:granite":5,"minecraft:bread":6,"minecraft:oak_sapling":3,"minecraft:coal":79}},"DataVersion":2586}