{"stats":{"minecraft:killed":{"minecraft:cave_spider":1,"minecraft:zombie_villager":1,"minecraft:skeleton":4,"minecraft:zombie":2},"minecraft:mined":{"minecraft:dandelion":2,"minecraft:crafting_table":2,"minecraft:blast_furnace":1,"minecraft:grass_block":9,"minecraft:tall_grass":1,"minecraft:cobblestone":4,"minecraft:wall_torch":1,"minecraft:furnace":1,"minecraft:iron_ore":44,"minecraft:andesite":9,"minecraft:grass":6,"minecraft:oak_log":23,"minecraft:coal_ore":8,"minecraft:beetroots":4,"minecraft:dirt":8,"minecraft:stone":72,"minecraft:gold_ore":9,"minecraft:oak_leaves":1},"minecraft:custom":{"minecraft:interact_with_furnace":19,"minecraft:mob_kills":8,"minecraft:interact_with_crafting_table":30,"minecraft:play_one_minute":86774,"minecraft:bell_ring":44,"minecraft:leave_game":1,"minecraft:time_since_death":14229,"minecraft:sleep_in_bed":2,"minecraft:climb_one_cm":1110,"minecraft:time_since_rest":8578,"minecraft:sprint_one_cm":276040,"minecraft:damage_taken":1124,"minecraft:walk_one_cm":317361,"minecraft:damage_blocked_by_shield":295,"minecraft:drop":56,"minecraft:damage_dealt":1133,"minecraft:talked_to_villager":8,"minecraft:fly_one_cm":47371,"minecraft:open_chest":2,"minecraft:deaths":3,"minecraft:walk_under_water_one_cm":6617,"minecraft:jump":885,"minecraft:interact_with_blast_furnace":10,"minecraft:walk_on_water_one_cm":15213,"minecraft:fall_one_cm":12082},"minecraft:killed_by":{"minecraft:zombie":1},"minecraft:crafted":{"minecraft:wooden_sword":1,"minecraft:oak_planks":120,"minecraft:crafting_table":2,"minecraft:wooden_pickaxe":3,"minecraft:iron_sword":2,"minecraft:furnace":1,"minecraft:stone_axe":1,"minecraft:iron_chestplate":1,"minecraft:stick":32,"minecraft:iron_ingot":24,"minecraft:iron_pickaxe":2,"minecraft:stone_pickaxe":3,"minecraft:wooden_axe":3,"minecraft:stone_sword":1,"minecraft:chest":1,"minecraft:iron_leggings":1,"minecraft:torch":4},"minecraft:used":{"minecraft:beetroot":4,"minecraft:diorite":9,"minecraft:stone_sword":5,"minecraft:stone_pickaxe":4,"minecraft:oak_planks":1,"minecraft:wooden_pickaxe":26,"minecraft:chest":1,"minecraft:shield":5,"minecraft:iron_sword":27,"minecraft:rotten_flesh":2,"minecraft:torch":29,"minecraft:dirt":10,"minecraft:crafting_table":5,"minecraft:blast_furnace":1,"minecraft:granite":5,"minecraft:wooden_axe":15,"minecraft:apple":3,"minecraft:bread":5,"minecraft:iron_pickaxe":139,"minecraft:stone_axe":1,"minecraft:cobblestone":27,"minecraft:furnace":2,"minecraft:beetroot_seeds":1,"minecraft:andesite":3},"minecraft:dropped":{"minecraft:iron_sword":1,"minecraft:oak_planks":50,"minecraft:coal":23,"minecraft:arrow":1,"minecraft:stone_pickaxe":2},"minecraft:picked_up":{"minecraft:wooden_axe":2,"minecraft:crafting_table":3,"minecraft:andesite":17,"minecraft:wooden_pickaxe":2,"minecraft:oak_log":36,"minecraft:shield":1,"minecraft:cornflower":1,"minecraft:dirt":10,"minecraft:string":2,"minecraft:wooden_sword":1,"minecraft:bone":7,"minecraft:beetroot":4,"minecraft:apple":3,"minecraft:bow":1,"minecraft:wheat_seeds":3,"minecraft:stone_pickaxe":1,"minecraft:iron_ingot":7,"minecraft:iron_ore":36,"minecraft:oak_planks":4,"minecraft:iron_sword":1,"minecraft:iron_boots":1,"minecraft:furnace":1,"minecraft:stick":2,"minecraft:oak_fence":3,"minecraft:torch":32,"minecraft:dandelion":1,"minecraft:blast_furnace":1,"minecraft:diorite":9,"minecraft:gold_ore":6,"minecraft:stone_sword":1,"minecraft:arrow":8,"minecraft:rotten_flesh":17,"minecraft:beetroot_seeds":11,"minecraft:iron_helmet":1,"minecraft:granite":5,"minecraft:bread":5,"minecraft:coal":72,"minecraft:rail":1,"minecraft:cobblestone":72}},"DataVersion":2586}