{"stats":{"minecraft:killed_by":{"minecraft:enderman":1,"minecraft:zombie":1},"minecraft:killed":{"minecraft:cave_spider":1,"minecraft:skeleton":4,"minecraft:pig":5,"minecraft:zombie_villager":1,"minecraft:trader_llama":1,"minecraft:zombie":2,"minecraft:cow":1},"minecraft:used":{"minecraft:oak_fence":66,"minecraft:beetroot":4,"minecraft:stone_sword":5,"minecraft:chest":7,"minecraft:shield":7,"minecraft:iron_sword":42,"minecraft:rotten_flesh":9,"minecraft:netherrack":13,"minecraft:oak_door":1,"minecraft:torch":55,"minecraft:dirt":45,"minecraft:carrot":15,"minecraft:granite":12,"minecraft:iron_hoe":4,"minecraft:wooden_axe":68,"minecraft:iron_axe":149,"minecraft:oak_stairs":10,"minecraft:bow":4,"minecraft:furnace":2,"minecraft:beetroot_seeds":1,"minecraft:potato":31,"minecraft:cooked_mutton":5,"minecraft:water_bucket":11,"minecraft:diorite":9,"minecraft:iron_ore":2,"minecraft:birch_leaves":13,"minecraft:glass_bottle":10,"minecraft:stone_pickaxe":103,"minecraft:baked_potato":3,"minecraft:oak_planks":434,"minecraft:wooden_pickaxe":87,"minecraft:oak_leaves":139,"minecraft:oak_slab":1,"minecraft:crafting_table":8,"minecraft:spider_eye":2,"minecraft:blast_furnace":1,"minecraft:white_bed":1,"minecraft:shears":237,"minecraft:oak_log":12,"minecraft:lever":1,"minecraft:cornflower":1,"minecraft:apple":3,"minecraft:bread":7,"minecraft:iron_pickaxe":381,"minecraft:oak_button":1,"minecraft:stone_button":1,"minecraft:gravel":2,"minecraft:stone_axe":44,"minecraft:cobblestone":210,"minecraft:potion":1,"minecraft:cooked_porkchop":5,"minecraft:andesite":12,"minecraft:bucket":15,"minecraft:glass_pane":120,"minecraft:bone_meal":6},"minecraft:crafted":{"minecraft:wooden_sword":1,"minecraft:oak_door":3,"minecraft:oak_planks":400,"minecraft:furnace":1,"minecraft:bone_meal":6,"minecraft:lever":1,"minecraft:glass_pane":112,"minecraft:iron_boots":1,"minecraft:iron_axe":1,"minecraft:stone_pickaxe":5,"minecraft:chest":7,"minecraft:oak_button":1,"minecraft:oak_fence":60,"minecraft:glass_bottle":9,"minecraft:emerald":4,"minecraft:cooked_porkchop":2,"minecraft:crafting_table":3,"minecraft:iron_helmet":1,"minecraft:wooden_pickaxe":4,"minecraft:baked_potato":11,"minecraft:iron_sword":2,"minecraft:bucket":2,"minecraft:stone_axe":1,"minecraft:bread":1,"minecraft:iron_chestplate":2,"minecraft:shield":1,"minecraft:stick":96,"minecraft:compass":1,"minecraft:iron_ingot":78,"minecraft:iron_pickaxe":2,"minecraft:wooden_axe":3,"minecraft:stone_sword":1,"minecraft:iron_leggings":2,"minecraft:gold_ingot":11,"minecraft:torch":32,"minecraft:shears":1},"minecraft:picked_up":{"minecraft:wooden_axe":2,"minecraft:crafting_table":6,"minecraft:wheat":4,"minecraft:lead":1,"minecraft:wooden_pickaxe":2,"minecraft:oak_stairs":23,"minecraft:shield":5,"minecraft:cornflower":1,"minecraft:string":3,"minecraft:iron_axe":1,"minecraft:wooden_sword":1,"minecraft:iron_leggings":3,"minecraft:compass":1,"minecraft:beetroot":4,"minecraft:gold_nugget":1,"minecraft:bucket":1,"minecraft:beef":1,"minecraft:sugar_cane":6,"minecraft:egg":1,"minecraft:iron_boots":3,"minecraft:furnace":1,"minecraft:stick":8,"minecraft:oak_fence":11,"minecraft:torch":50,"minecraft:porkchop":9,"minecraft:stone_button":1,"minecraft:diorite":29,"minecraft:carrot":9,"minecraft:arrow":10,"minecraft:stone_sword":1,"minecraft:rotten_flesh":44,"minecraft:beetroot_seeds":20,"minecraft:peony":1,"minecraft:rail":1,"minecraft:cobblestone":250,"minecraft:oxeye_daisy":7,"minecraft:birch_leaves":17,"minecraft:andesite":26,"minecraft:leather":1,"minecraft:potato":38,"minecraft:oak_log":122,"minecraft:dirt":107,"minecraft:cooked_mutton":6,"minecraft:glass":16,"minecraft:bone":9,"minecraft:apple":3,"minecraft:bow":2,"minecraft:wheat_seeds":30,"minecraft:stone_pickaxe":3,"minecraft:iron_ingot":7,"minecraft:iron_ore":101,"minecraft:iron_sword":3,"minecraft:oak_planks":309,"minecraft:oak_slab":2,"minecraft:cooked_porkchop":15,"minecraft:dandelion":3,"minecraft:gravel":2,"minecraft:blast_furnace":1,"minecraft:white_bed":1,"minecraft:gold_ore":6,"minecraft:spider_eye":1,"minecraft:mossy_cobblestone":3,"minecraft:iron_hoe":1,"minecraft:iron_helmet":3,"minecraft:granite":12,"minecraft:bread":6,"minecraft:baked_potato":4,"minecraft:oak_sapling":5,"minecraft:netherrack":32,"minecraft:coal":86,"minecraft:oak_leaves":201},"minecraft:custom":{"minecraft:mob_kills":15,"minecraft:interact_with_crafting_table":94,"minecraft:bell_ring":61,"minecraft:leave_game":6,"minecraft:time_since_death":33438,"minecraft:climb_one_cm":2458,"minecraft:sprint_one_cm":928668,"minecraft:walk_one_cm":1382320,"minecraft:damage_blocked_by_shield":485,"minecraft:drop":167,"minecraft:talked_to_villager":36,"minecraft:deaths":6,"minecraft:sneak_time":352,"minecraft:walk_under_water_one_cm":8031,"minecraft:jump":2922,"minecraft:interact_with_blast_furnace":49,"minecraft:walk_on_water_one_cm":22721,"minecraft:interact_with_furnace":58,"minecraft:traded_with_villager":4,"minecraft:play_one_minute":336498,"minecraft:sleep_in_bed":6,"minecraft:time_since_rest":33472,"minecraft:damage_taken":2527,"minecraft:damage_dealt":2625,"minecraft:fly_one_cm":155455,"minecraft:open_chest":150,"minecraft:crouch_one_cm":613,"minecraft:fall_one_cm":33768},"minecraft:broken":{"minecraft:shears":1,"minecraft:stone_axe":1,"minecraft:iron_pickaxe":1,"minecraft:wooden_axe":1},"minecraft:mined":{"minecraft:mossy_cobblestone":2,"minecraft:granite":7,"minecraft:stone_button":1,"minecraft:grass_block":19,"minecraft:oxeye_daisy":8,"minecraft:furnace":1,"minecraft:carrots":3,"minecraft:iron_ore":77,"minecraft:andesite":17,"minecraft:peony":1,"minecraft:potatoes":23,"minecraft:oak_stairs":25,"minecraft:stone":225,"minecraft:glass_pane":9,"minecraft:dandelion":2,"minecraft:oak_fence":5,"minecraft:crafting_table":3,"minecraft:torch":9,"minecraft:blast_furnace":1,"minecraft:tall_grass":2,"minecraft:cobblestone":33,"minecraft:sugar_cane":1,"minecraft:oak_planks":43,"minecraft:diorite":20,"minecraft:wall_torch":5,"minecraft:wheat":14,"minecraft:birch_leaves":23,"minecraft:grass_path":7,"minecraft:grass":30,"minecraft:oak_log":111,"minecraft:coal_ore":21,"minecraft:beetroots":4,"minecraft:dirt":62,"minecraft:netherrack":31,"minecraft:gold_ore":9,"minecraft:oak_leaves":298},"minecraft:dropped":{"minecraft:iron_ingot":1,"minecraft:iron_sword":2,"minecraft:oak_log":4,"minecraft:baked_potato":12,"minecraft:mossy_cobblestone":3,"minecraft:cooked_porkchop":4,"minecraft:iron_helmet":3,"minecraft:coal":23,"minecraft:dirt":45,"minecraft:potion":2,"minecraft:iron_leggings":4,"minecraft:oak_stairs":12,"minecraft:iron_axe":1,"minecraft:bucket":2,"minecraft:dandelion":3,"minecraft:compass":1,"minecraft:rotten_flesh":9,"minecraft:oak_planks":56,"minecraft:iron_boots":3,"minecraft:cooked_mutton":1,"minecraft:carrot":3,"minecraft:shield":2,"minecraft:iron_chestplate":1,"minecraft:arrow":1,"minecraft:stone_pickaxe":2}},"DataVersion":2586}