{"stats":{"minecraft:killed_by":{"minecraft:creeper":1,"minecraft:spider":2,"minecraft:enderman":2,"minecraft:iron_golem":1,"minecraft:skeleton":2,"minecraft:zombie":2},"minecraft:killed":{"minecraft:cave_spider":1,"minecraft:skeleton":5,"minecraft:chicken":1,"minecraft:pig":5,"minecraft:zombie_villager":1,"minecraft:iron_golem":1,"minecraft:sheep":1,"minecraft:trader_llama":1,"minecraft:zombie":4,"minecraft:cow":2},"minecraft:used":{"minecraft:oak_fence":66,"minecraft:beetroot":4,"minecraft:stone_sword":5,"minecraft:chest":8,"minecraft:shield":18,"minecraft:iron_sword":69,"minecraft:rotten_flesh":9,"minecraft:netherrack":21,"minecraft:oak_door":1,"minecraft:torch":71,"minecraft:dirt":60,"minecraft:mutton":1,"minecraft:carrot":16,"minecraft:granite":12,"minecraft:iron_hoe":4,"minecraft:wooden_axe":87,"minecraft:iron_axe":153,"minecraft:oak_stairs":10,"minecraft:bow":5,"minecraft:beef":2,"minecraft:sweet_berries":21,"minecraft:furnace":3,"minecraft:beetroot_seeds":1,"minecraft:potato":43,"minecraft:pumpkin":1,"minecraft:wheat_seeds":15,"minecraft:cooked_mutton":5,"minecraft:water_bucket":17,"minecraft:diorite":10,"minecraft:iron_ore":5,"minecraft:birch_planks":2,"minecraft:birch_leaves":13,"minecraft:glass_bottle":10,"minecraft:stone_pickaxe":417,"minecraft:baked_potato":11,"minecraft:oak_planks":436,"minecraft:wooden_pickaxe":119,"minecraft:oak_leaves":139,"minecraft:mossy_cobblestone":3,"minecraft:rail":9,"minecraft:oak_slab":1,"minecraft:crafting_table":11,"minecraft:spider_eye":2,"minecraft:blast_furnace":1,"minecraft:white_bed":1,"minecraft:shears":237,"minecraft:oak_log":12,"minecraft:lever":1,"minecraft:cornflower":2,"minecraft:apple":3,"minecraft:chicken":1,"minecraft:iron_pickaxe":526,"minecraft:bread":11,"minecraft:stone_button":1,"minecraft:oak_button":2,"minecraft:gravel":2,"minecraft:spruce_sapling":1,"minecraft:stone_axe":44,"minecraft:wooden_sword":14,"minecraft:cobblestone":321,"minecraft:potion":1,"minecraft:cooked_porkchop":5,"minecraft:andesite":12,"minecraft:bucket":20,"minecraft:glass_pane":120,"minecraft:dandelion":2,"minecraft:bone_meal":6},"minecraft:crafted":{"minecraft:wooden_sword":1,"minecraft:oak_door":3,"minecraft:oak_planks":436,"minecraft:furnace":2,"minecraft:bone_meal":6,"minecraft:lever":1,"minecraft:glass_pane":112,"minecraft:iron_boots":2,"minecraft:iron_axe":2,"minecraft:stone_pickaxe":7,"minecraft:chest":7,"minecraft:oak_button":1,"minecraft:oak_fence":60,"minecraft:cooked_beef":1,"minecraft:glass_bottle":9,"minecraft:emerald":4,"minecraft:cooked_porkchop":2,"minecraft:crafting_table":5,"minecraft:iron_helmet":2,"minecraft:wooden_pickaxe":8,"minecraft:baked_potato":27,"minecraft:iron_sword":4,"minecraft:bucket":2,"minecraft:birch_planks":76,"minecraft:stone_axe":1,"minecraft:bread":5,"minecraft:iron_chestplate":3,"minecraft:shield":2,"minecraft:stick":132,"minecraft:compass":1,"minecraft:iron_ingot":125,"minecraft:iron_pickaxe":5,"minecraft:wooden_axe":4,"minecraft:stone_sword":1,"minecraft:iron_leggings":3,"minecraft:gold_ingot":11,"minecraft:torch":36,"minecraft:shears":1},"minecraft:picked_up":{"minecraft:wooden_axe":2,"minecraft:iron_chestplate":1,"minecraft:crafting_table":7,"minecraft:wheat":17,"minecraft:chicken":1,"minecraft:lead":1,"minecraft:wooden_pickaxe":3,"minecraft:oak_stairs":23,"minecraft:shield":8,"minecraft:cornflower":2,"minecraft:string":3,"minecraft:iron_axe":2,"minecraft:wooden_sword":1,"minecraft:iron_leggings":4,"minecraft:compass":3,"minecraft:beetroot":4,"minecraft:gold_nugget":2,"minecraft:bucket":1,"minecraft:beef":3,"minecraft:poppy":4,"minecraft:iron_pickaxe":3,"minecraft:sugar_cane":6,"minecraft:chest":1,"minecraft:furnace":2,"minecraft:iron_boots":4,"minecraft:egg":1,"minecraft:stick":10,"minecraft:oak_fence":12,"minecraft:torch":55,"minecraft:porkchop":9,"minecraft:stone_button":1,"minecraft:diorite":35,"minecraft:carrot":10,"minecraft:redstone":114,"minecraft:stone_sword":1,"minecraft:arrow":14,"minecraft:rotten_flesh":48,"minecraft:beetroot_seeds":20,"minecraft:peony":1,"minecraft:mutton":1,"minecraft:rail":2,"minecraft:white_wool":1,"minecraft:cobblestone":427,"minecraft:oxeye_daisy":7,"minecraft:birch_log":19,"minecraft:birch_leaves":17,"minecraft:water_bucket":1,"minecraft:andesite":35,"minecraft:leather":1,"minecraft:birch_planks":4,"minecraft:potato":63,"minecraft:oak_log":131,"minecraft:gunpowder":2,"minecraft:lapis_lazuli":28,"minecraft:dirt":175,"minecraft:cooked_mutton":6,"minecraft:glass":16,"minecraft:bone":13,"minecraft:apple":3,"minecraft:bow":4,"minecraft:wheat_seeds":68,"minecraft:stone_pickaxe":4,"minecraft:iron_ingot":13,"minecraft:iron_ore":221,"minecraft:iron_sword":4,"minecraft:oak_planks":323,"minecraft:oak_slab":2,"minecraft:pumpkin":1,"minecraft:cooked_porkchop":15,"minecraft:sweet_berries":17,"minecraft:dandelion":5,"minecraft:gravel":3,"minecraft:spruce_sapling":1,"minecraft:blast_furnace":1,"minecraft:white_bed":1,"minecraft:gold_ore":17,"minecraft:spider_eye":1,"minecraft:mossy_cobblestone":3,"minecraft:iron_hoe":1,"minecraft:iron_helmet":4,"minecraft:granite":21,"minecraft:bread":6,"minecraft:oak_button":1,"minecraft:baked_potato":4,"minecraft:oak_sapling":6,"minecraft:netherrack":101,"minecraft:coal":122,"minecraft:oak_leaves":201},"minecraft:custom":{"minecraft:mob_kills":22,"minecraft:interact_with_crafting_table":123,"minecraft:bell_ring":61,"minecraft:leave_game":9,"minecraft:time_since_death":9317,"minecraft:climb_one_cm":2458,"minecraft:sprint_one_cm":1518020,"minecraft:walk_one_cm":1965972,"minecraft:damage_blocked_by_shield":950,"minecraft:drop":186,"minecraft:talked_to_villager":36,"minecraft:deaths":16,"minecraft:sneak_time":374,"minecraft:walk_under_water_one_cm":13437,"minecraft:jump":4697,"minecraft:interact_with_blast_furnace":63,"minecraft:walk_on_water_one_cm":44623,"minecraft:interact_with_furnace":97,"minecraft:traded_with_villager":4,"minecraft:play_one_minute":475341,"minecraft:sleep_in_bed":6,"minecraft:time_since_rest":9349,"minecraft:damage_taken":5440,"minecraft:damage_dealt":4402,"minecraft:swim_one_cm":48412,"minecraft:fly_one_cm":278602,"minecraft:open_chest":200,"minecraft:crouch_one_cm":613,"minecraft:fall_one_cm":62116},"minecraft:broken":{"minecraft:shears":1,"minecraft:stone_pickaxe":1,"minecraft:stone_axe":1,"minecraft:iron_pickaxe":1,"minecraft:wooden_axe":1,"minecraft:bow":1},"minecraft:mined":{"minecraft:mossy_cobblestone":2,"minecraft:granite":16,"minecraft:stone_button":1,"minecraft:grass_block":33,"minecraft:spruce_leaves":14,"minecraft:oxeye_daisy":8,"minecraft:redstone_ore":13,"minecraft:furnace":2,"minecraft:carrots":3,"minecraft:iron_ore":197,"minecraft:andesite":23,"minecraft:pumpkin":2,"minecraft:peony":1,"minecraft:potatoes":38,"minecraft:rail":1,"minecraft:oak_stairs":25,"minecraft:stone":366,"minecraft:glass_pane":9,"minecraft:dandelion":2,"minecraft:cornflower":1,"minecraft:oak_fence":6,"minecraft:crafting_table":4,"minecraft:torch":10,"minecraft:blast_furnace":1,"minecraft:chest":1,"minecraft:tall_grass":2,"minecraft:cobblestone":39,"minecraft:lapis_ore":4,"minecraft:sugar_cane":1,"minecraft:oak_planks":54,"minecraft:diorite":21,"minecraft:wall_torch":7,"minecraft:birch_planks":2,"minecraft:birch_log":19,"minecraft:wheat":30,"minecraft:sweet_berry_bush":10,"minecraft:birch_leaves":26,"minecraft:grass_path":9,"minecraft:grass":38,"minecraft:oak_log":122,"minecraft:coal_ore":27,"minecraft:beetroots":4,"minecraft:gravel":1,"minecraft:dirt":95,"minecraft:netherrack":100,"minecraft:gold_ore":20,"minecraft:oak_leaves":306},"minecraft:dropped":{"minecraft:iron_ingot":4,"minecraft:iron_sword":2,"minecraft:oak_log":4,"minecraft:baked_potato":20,"minecraft:mossy_cobblestone":3,"minecraft:cooked_porkchop":4,"minecraft:iron_helmet":3,"minecraft:coal":23,"minecraft:dirt":46,"minecraft:potion":2,"minecraft:iron_leggings":4,"minecraft:oak_stairs":12,"minecraft:iron_axe":1,"minecraft:iron_pickaxe":2,"minecraft:bucket":2,"minecraft:dandelion":3,"minecraft:compass":1,"minecraft:wheat":1,"minecraft:rotten_flesh":11,"minecraft:oak_planks":56,"minecraft:iron_boots":3,"minecraft:cooked_mutton":1,"minecraft:carrot":3,"minecraft:poppy":2,"minecraft:shield":2,"minecraft:iron_chestplate":1,"minecraft:arrow":1,"minecraft:stone_pickaxe":2}},"DataVersion":2586}