{"stats":{"minecraft:killed":{"minecraft:cave_spider":2,"minecraft:spider":3,"minecraft:skeleton":13,"minecraft:pig":7,"minecraft:salmon":6,"minecraft:creeper":1,"minecraft:sheep":8,"minecraft:zombie":25,"minecraft:enderman":1,"minecraft:cow":8},"minecraft:custom":{"minecraft:mob_kills":76,"minecraft:interact_with_crafting_table":38,"minecraft:time_since_death":172003,"minecraft:climb_one_cm":4408,"minecraft:sprint_one_cm":322977,"minecraft:walk_one_cm":537537,"minecraft:damage_blocked_by_shield":2450,"minecraft:drop":55,"minecraft:talked_to_villager":8,"minecraft:sneak_time":17154,"minecraft:walk_under_water_one_cm":3311,"minecraft:jump":2339,"minecraft:interact_with_blast_furnace":21,"minecraft:walk_on_water_one_cm":22973,"minecraft:interact_with_furnace":69,"minecraft:play_one_minute":172003,"minecraft:sleep_in_bed":1,"minecraft:time_since_rest":48619,"minecraft:damage_taken":806,"minecraft:damage_dealt":11861,"minecraft:swim_one_cm":3008,"minecraft:fly_one_cm":252667,"minecraft:open_chest":35,"minecraft:crouch_one_cm":44065,"minecraft:fall_one_cm":29101},"minecraft:mined":{"minecraft:diamond_ore":19,"minecraft:white_bed":3,"minecraft:granite":12,"minecraft:grass_block":18,"minecraft:spawner":1,"minecraft:hay_block":6,"minecraft:redstone_ore":18,"minecraft:furnace":15,"minecraft:iron_ore":134,"minecraft:andesite":14,"minecraft:stripped_oak_log":1,"minecraft:stone":364,"minecraft:oak_fence":6,"minecraft:crafting_table":9,"minecraft:torch":1,"minecraft:chest":2,"minecraft:cobblestone":21,"minecraft:lapis_ore":18,"minecraft:diorite":19,"minecraft:yellow_bed":2,"minecraft:grass":17,"minecraft:oak_log":55,"minecraft:coal_ore":194,"minecraft:oak_fence_gate":1,"minecraft:gravel":13,"minecraft:dirt":57,"minecraft:oak_leaves":6},"minecraft:crafted":{"minecraft:oak_planks":200,"minecraft:furnace":2,"minecraft:cooked_mutton":13,"minecraft:flint_and_steel":1,"minecraft:iron_boots":1,"minecraft:iron_axe":1,"minecraft:stone_pickaxe":4,"minecraft:chest":1,"minecraft:oak_fence":6,"minecraft:wheat":54,"minecraft:cooked_beef":13,"minecraft:cooked_porkchop":16,"minecraft:crafting_table":3,"minecraft:wooden_pickaxe":1,"minecraft:iron_helmet":1,"minecraft:bucket":7,"minecraft:stone_axe":3,"minecraft:bread":18,"minecraft:air":0,"minecraft:oak_fence_gate":1,"minecraft:iron_chestplate":1,"minecraft:diamond_pickaxe":1,"minecraft:shield":1,"minecraft:stick":56,"minecraft:iron_ingot":116,"minecraft:iron_pickaxe":1,"minecraft:iron_leggings":1},"minecraft:broken":{"minecraft:wooden_pickaxe":1,"minecraft:stone_pickaxe":4,"minecraft:stone_axe":3,"minecraft:iron_pickaxe":1},"minecraft:used":{"minecraft:oak_fence":11,"minecraft:chest":3,"minecraft:shield":62,"minecraft:torch":9,"minecraft:dirt":89,"minecraft:oak_fence_gate":2,"minecraft:iron_axe":21,"minecraft:furnace":16,"minecraft:cooked_beef":6,"minecraft:cooked_mutton":6,"minecraft:water_bucket":16,"minecraft:stone_pickaxe":522,"minecraft:oak_planks":1,"minecraft:wooden_pickaxe":59,"minecraft:crafting_table":12,"minecraft:white_bed":2,"minecraft:bread":5,"minecraft:iron_pickaxe":277,"minecraft:gravel":9,"minecraft:stone_axe":236,"minecraft:cobblestone":168,"minecraft:cooked_porkchop":3,"minecraft:bucket":25,"minecraft:yellow_bed":1},"minecraft:dropped":{"minecraft:bread":5,"minecraft:wheat_seeds":4,"minecraft:cooked_porkchop":7,"minecraft:oak_fence":1,"minecraft:leather":3,"minecraft:granite":12,"minecraft:rail":9,"minecraft:diorite":18,"minecraft:bone":1,"minecraft:compass":1,"minecraft:wheat":1,"minecraft:rotten_flesh":18,"minecraft:oak_planks":88,"minecraft:cooked_mutton":6,"minecraft:carrot":1,"minecraft:flint_and_steel":1,"minecraft:potato":1,"minecraft:andesite":20,"minecraft:chest":1,"minecraft:oak_sapling":5,"minecraft:iron_ore":128,"minecraft:arrow":4,"minecraft:stone_pickaxe":1},"minecraft:picked_up":{"minecraft:wooden_axe":1,"minecraft:crafting_table":9,"minecraft:iron_chestplate":1,"minecraft:wheat":1,"minecraft:wooden_pickaxe":1,"minecraft:shield":1,"minecraft:string":4,"minecraft:iron_leggings":1,"minecraft:compass":1,"minecraft:bucket":2,"minecraft:beef":16,"minecraft:iron_pickaxe":1,"minecraft:chest":3,"minecraft:furnace":14,"minecraft:iron_boots":1,"minecraft:stick":1,"minecraft:oak_fence":10,"minecraft:torch":8,"minecraft:porkchop":16,"minecraft:diorite":19,"minecraft:carrot":1,"minecraft:redstone":80,"minecraft:arrow":19,"minecraft:rotten_flesh":23,"minecraft:hay_block":6,"minecraft:gold_ingot":1,"minecraft:mutton":13,"minecraft:cobblestone":449,"minecraft:white_wool":5,"minecraft:rail":16,"minecraft:stripped_oak_log":1,"minecraft:andesite":27,"minecraft:salmon":6,"minecraft:leather":5,"minecraft:potato":1,"minecraft:flint":1,"minecraft:oak_log":49,"minecraft:yellow_bed":2,"minecraft:gunpowder":4,"minecraft:lapis_lazuli":106,"minecraft:dirt":118,"minecraft:bone":14,"minecraft:bow":1,"minecraft:wheat_seeds":4,"minecraft:oak_fence_gate":1,"minecraft:iron_ingot":11,"minecraft:stone_pickaxe":2,"minecraft:iron_ore":216,"minecraft:oak_planks":65,"minecraft:iron_sword":1,"minecraft:book":1,"minecraft:lava_bucket":1,"minecraft:gravel":12,"minecraft:white_bed":2,"minecraft:gold_ore":9,"minecraft:diamond":19,"minecraft:iron_helmet":1,"minecraft:granite":14,"minecraft:golden_apple":1,"minecraft:bread":4,"minecraft:oak_sapling":5,"minecraft:coal":340,"minecraft:ender_pearl":1}},"DataVersion":2586}