{"stats":{"minecraft:picked_up":{"minecraft:wooden_axe":1,"minecraft:iron_chestplate":1,"minecraft:crafting_table":8,"minecraft:andesite":25,"minecraft:leather":5,"minecraft:wooden_pickaxe":1,"minecraft:flint":1,"minecraft:oak_log":48,"minecraft:yellow_bed":2,"minecraft:shield":1,"minecraft:gunpowder":4,"minecraft:string":4,"minecraft:dirt":43,"minecraft:iron_leggings":1,"minecraft:bone":13,"minecraft:bow":1,"minecraft:iron_ingot":10,"minecraft:beef":13,"minecraft:stone_pickaxe":2,"minecraft:iron_ore":68,"minecraft:iron_pickaxe":1,"minecraft:chest":3,"minecraft:oak_planks":65,"minecraft:iron_sword":1,"minecraft:iron_boots":1,"minecraft:furnace":10,"minecraft:book":1,"minecraft:stick":1,"minecraft:oak_fence":3,"minecraft:torch":7,"minecraft:gravel":12,"minecraft:porkchop":3,"minecraft:diorite":10,"minecraft:gold_ore":9,"minecraft:arrow":15,"minecraft:rotten_flesh":9,"minecraft:iron_helmet":1,"minecraft:hay_block":6,"minecraft:granite":13,"minecraft:golden_apple":1,"minecraft:gold_ingot":1,"minecraft:oak_sapling":4,"minecraft:mutton":8,"minecraft:coal":336,"minecraft:rail":14,"minecraft:white_wool":5,"minecraft:cobblestone":167},"minecraft:killed":{"minecraft:cave_spider":1,"minecraft:pig":1,"minecraft:spider":1,"minecraft:creeper":1,"minecraft:sheep":5,"minecraft:skeleton":9,"minecraft:zombie":5,"minecraft:cow":7},"minecraft:custom":{"minecraft:interact_with_furnace":50,"minecraft:mob_kills":30,"minecraft:interact_with_crafting_table":25,"minecraft:play_one_minute":71184,"minecraft:time_since_death":71184,"minecraft:climb_one_cm":2026,"minecraft:time_since_rest":71184,"minecraft:sprint_one_cm":121598,"minecraft:damage_taken":268,"minecraft:walk_one_cm":159551,"minecraft:damage_blocked_by_shield":1470,"minecraft:drop":17,"minecraft:damage_dealt":4502,"minecraft:fly_one_cm":73116,"minecraft:open_chest":16,"minecraft:crouch_one_cm":27996,"minecraft:sneak_time":11074,"minecraft:walk_under_water_one_cm":208,"minecraft:jump":771,"minecraft:interact_with_blast_furnace":9,"minecraft:walk_on_water_one_cm":4805,"minecraft:fall_one_cm":7155},"minecraft:used":{"minecraft:cooked_mutton":1,"minecraft:water_bucket":2,"minecraft:stone_pickaxe":368,"minecraft:oak_planks":1,"minecraft:chest":3,"minecraft:wooden_pickaxe":59,"minecraft:shield":37,"minecraft:dirt":21,"minecraft:crafting_table":10,"minecraft:iron_pickaxe":5,"minecraft:gravel":9,"minecraft:stone_axe":129,"minecraft:furnace":9,"minecraft:cooked_porkchop":3,"minecraft:bucket":2,"minecraft:yellow_bed":1,"minecraft:cooked_beef":2},"minecraft:mined":{"minecraft:crafting_table":8,"minecraft:granite":6,"minecraft:grass_block":11,"minecraft:chest":2,"minecraft:diorite":11,"minecraft:spawner":1,"minecraft:hay_block":6,"minecraft:furnace":10,"minecraft:iron_ore":56,"minecraft:andesite":9,"minecraft:yellow_bed":2,"minecraft:grass":4,"minecraft:oak_log":52,"minecraft:coal_ore":189,"minecraft:gravel":13,"minecraft:dirt":27,"minecraft:stone":136,"minecraft:oak_leaves":5},"minecraft:crafted":{"minecraft:cooked_beef":13,"minecraft:oak_planks":192,"minecraft:cooked_porkchop":3,"minecraft:crafting_table":2,"minecraft:wooden_pickaxe":1,"minecraft:iron_helmet":1,"minecraft:furnace":2,"minecraft:bucket":1,"minecraft:stone_axe":3,"minecraft:bread":18,"minecraft:cooked_mutton":6,"minecraft:air":0,"minecraft:flint_and_steel":1,"minecraft:iron_boots":1,"minecraft:iron_chestplate":1,"minecraft:shield":1,"minecraft:stick":20,"minecraft:iron_ingot":35,"minecraft:iron_pickaxe":1,"minecraft:stone_pickaxe":4,"minecraft:chest":1,"minecraft:iron_leggings":1,"minecraft:wheat":54},"minecraft:dropped":{"minecraft:rotten_flesh":4,"minecraft:oak_planks":88,"minecraft:granite":11,"minecraft:rail":7,"minecraft:flint_and_steel":1,"minecraft:diorite":9,"minecraft:andesite":18,"minecraft:chest":1,"minecraft:oak_sapling":4,"minecraft:stone_pickaxe":1},"minecraft:broken":{"minecraft:stone_pickaxe":2,"minecraft:stone_axe":1,"minecraft:wooden_pickaxe":1}},"DataVersion":2586}