{"stats":{"minecraft:killed":{"minecraft:cave_spider":2,"minecraft:zombified_piglin":1,"minecraft:spider":6,"minecraft:phantom":1,"minecraft:skeleton":23,"minecraft:chicken":7,"minecraft:piglin":3,"minecraft:pig":10,"minecraft:salmon":6,"minecraft:creeper":5,"minecraft:sheep":8,"minecraft:zombie":39,"minecraft:enderman":3,"minecraft:cow":12},"minecraft:used":{"minecraft:oak_fence":79,"minecraft:iron_shovel":163,"minecraft:flint_and_steel":1,"minecraft:chest":4,"minecraft:shield":146,"minecraft:iron_sword":3,"minecraft:cooked_chicken":7,"minecraft:rotten_flesh":19,"minecraft:netherrack":252,"minecraft:oak_door":1,"minecraft:torch":109,"minecraft:dirt":205,"minecraft:carrot":2,"minecraft:oak_fence_gate":4,"minecraft:obsidian":20,"minecraft:glass":6,"minecraft:lava_bucket":3,"minecraft:iron_axe":182,"minecraft:furnace":22,"minecraft:cooked_beef":14,"minecraft:potato":20,"minecraft:wheat_seeds":8,"minecraft:cooked_mutton":6,"minecraft:water_bucket":22,"minecraft:birch_leaves":1,"minecraft:stone_pickaxe":1239,"minecraft:baked_potato":7,"minecraft:oak_planks":16,"minecraft:wooden_pickaxe":59,"minecraft:cobblestone_slab":7,"minecraft:golden_apple":1,"minecraft:oak_slab":7,"minecraft:crafting_table":23,"minecraft:white_bed":5,"minecraft:diamond_pickaxe":27,"minecraft:lever":1,"minecraft:cornflower":2,"minecraft:iron_pickaxe":455,"minecraft:bread":19,"minecraft:stone_button":1,"minecraft:gravel":57,"minecraft:stone_axe":356,"minecraft:cobblestone":413,"minecraft:cooked_porkchop":19,"minecraft:andesite":29,"minecraft:bucket":32,"minecraft:yellow_bed":1,"minecraft:stripped_oak_log":3,"minecraft:dandelion":6},"minecraft:crafted":{"minecraft:oak_planks":524,"minecraft:cobblestone_slab":24,"minecraft:cooked_chicken":7,"minecraft:furnace":5,"minecraft:cooked_mutton":13,"minecraft:flint_and_steel":2,"minecraft:glass":22,"minecraft:iron_boots":1,"minecraft:iron_axe":1,"minecraft:stone_pickaxe":11,"minecraft:chest":2,"minecraft:oak_fence":57,"minecraft:wheat":54,"minecraft:cooked_beef":13,"minecraft:oak_slab":6,"minecraft:cooked_porkchop":29,"minecraft:crafting_table":5,"minecraft:iron_helmet":1,"minecraft:wooden_pickaxe":1,"minecraft:baked_potato":3,"minecraft:iron_sword":1,"minecraft:bucket":8,"minecraft:stone_axe":6,"minecraft:bread":18,"minecraft:air":0,"minecraft:oak_fence_gate":1,"minecraft:iron_chestplate":2,"minecraft:diamond_pickaxe":1,"minecraft:shield":4,"minecraft:stick":116,"minecraft:iron_ingot":152,"minecraft:iron_pickaxe":4,"minecraft:iron_shovel":1,"minecraft:iron_leggings":1,"minecraft:torch":64},"minecraft:picked_up":{"minecraft:wooden_axe":1,"minecraft:crafting_table":19,"minecraft:iron_chestplate":2,"minecraft:wheat":5,"minecraft:chicken":7,"minecraft:wooden_pickaxe":1,"minecraft:oak_stairs":2,"minecraft:potion":3,"minecraft:brewing_stand":1,"minecraft:shield":2,"minecraft:cornflower":2,"minecraft:string":8,"minecraft:soul_soil":12,"minecraft:iron_leggings":2,"minecraft:compass":1,"minecraft:gold_nugget":59,"minecraft:bucket":2,"minecraft:beef":25,"minecraft:iron_pickaxe":1,"minecraft:chest":3,"minecraft:phantom_membrane":1,"minecraft:furnace":20,"minecraft:iron_boots":2,"minecraft:egg":5,"minecraft:stick":3,"minecraft:oak_door":2,"minecraft:oak_fence":29,"minecraft:torch":33,"minecraft:porkchop":22,"minecraft:stone_button":2,"minecraft:diorite":35,"minecraft:carrot":3,"minecraft:redstone":108,"minecraft:arrow":34,"minecraft:rotten_flesh":59,"minecraft:hay_block":6,"minecraft:gold_ingot":1,"minecraft:obsidian":20,"minecraft:mutton":13,"minecraft:rail":16,"minecraft:white_wool":5,"minecraft:cobblestone":651,"minecraft:oxeye_daisy":7,"minecraft:stripped_oak_log":4,"minecraft:birch_leaves":4,"minecraft:feather":8,"minecraft:cooked_beef":9,"minecraft:andesite":60,"minecraft:iron_door":1,"minecraft:water_bucket":1,"minecraft:salmon":6,"minecraft:leather":11,"minecraft:potato":26,"minecraft:flint":2,"minecraft:oak_log":129,"minecraft:yellow_bed":2,"minecraft:gunpowder":14,"minecraft:lapis_lazuli":106,"minecraft:dirt":222,"minecraft:glass":5,"minecraft:bone":28,"minecraft:bow":1,"minecraft:wheat_seeds":14,"minecraft:iron_ingot":23,"minecraft:oak_fence_gate":3,"minecraft:stone_pickaxe":5,"minecraft:iron_ore":274,"minecraft:soul_sand":37,"minecraft:glowstone_dust":18,"minecraft:iron_sword":2,"minecraft:oak_planks":89,"minecraft:book":1,"minecraft:oak_slab":5,"minecraft:cooked_porkchop":5,"minecraft:dandelion":6,"minecraft:gravel":59,"minecraft:lava_bucket":1,"minecraft:sand":52,"minecraft:ink_sac":3,"minecraft:white_bed":4,"minecraft:grass_block":1,"minecraft:gold_ore":16,"minecraft:spider_eye":1,"minecraft:mossy_cobblestone":3,"minecraft:diamond":19,"minecraft:lever":1,"minecraft:iron_helmet":2,"minecraft:granite":28,"minecraft:golden_apple":1,"minecraft:bread":4,"minecraft:baked_potato":4,"minecraft:oak_sapling":8,"minecraft:netherrack":470,"minecraft:coal":413,"minecraft:oak_leaves":1,"minecraft:crimson_roots":1,"minecraft:ender_pearl":4},"minecraft:custom":{"minecraft:mob_kills":128,"minecraft:interact_with_crafting_table":84,"minecraft:leave_game":10,"minecraft:time_since_death":28567,"minecraft:climb_one_cm":6344,"minecraft:sprint_one_cm":1005851,"minecraft:damage_blocked_by_shield":4910,"minecraft:walk_one_cm":1486949,"minecraft:drop":112,"minecraft:talked_to_villager":21,"minecraft:deaths":1,"minecraft:sneak_time":39799,"minecraft:walk_under_water_one_cm":33875,"minecraft:jump":7196,"minecraft:interact_with_blast_furnace":60,"minecraft:walk_on_water_one_cm":44216,"minecraft:interact_with_furnace":147,"minecraft:play_one_minute":439710,"minecraft:sleep_in_bed":5,"minecraft:time_since_rest":28599,"minecraft:damage_absorbed":40,"minecraft:damage_taken":3961,"minecraft:damage_dealt":20508,"minecraft:swim_one_cm":30583,"minecraft:fly_one_cm":1077450,"minecraft:open_chest":145,"minecraft:crouch_one_cm":132065,"minecraft:fall_one_cm":141038},"minecraft:broken":{"minecraft:wooden_pickaxe":1,"minecraft:stone_pickaxe":9,"minecraft:iron_axe":1,"minecraft:stone_axe":3,"minecraft:iron_pickaxe":1},"minecraft:mined":{"minecraft:nether_gold_ore":14,"minecraft:diamond_ore":19,"minecraft:white_bed":5,"minecraft:oak_sapling":1,"minecraft:mossy_cobblestone":1,"minecraft:brewing_stand":1,"minecraft:obsidian":20,"minecraft:granite":19,"minecraft:stone_button":1,"minecraft:grass_block":45,"minecraft:soul_soil":8,"minecraft:spawner":1,"minecraft:hay_block":6,"minecraft:redstone_ore":24,"minecraft:carrots":1,"minecraft:glowstone":4,"minecraft:furnace":21,"minecraft:iron_ore":192,"minecraft:fire":7,"minecraft:andesite":29,"minecraft:potatoes":18,"minecraft:stripped_oak_log":4,"minecraft:stone":509,"minecraft:oak_slab":2,"minecraft:glass_pane":9,"minecraft:soul_sand":32,"minecraft:soul_fire":2,"minecraft:dandelion":1,"minecraft:oak_fence":25,"minecraft:crafting_table":18,"minecraft:torch":5,"minecraft:chest":2,"minecraft:tall_grass":1,"minecraft:cobblestone":71,"minecraft:lapis_ore":18,"minecraft:oak_planks":22,"minecraft:iron_door":1,"minecraft:wall_torch":2,"minecraft:diorite":35,"minecraft:wheat":6,"minecraft:birch_leaves":1,"minecraft:yellow_bed":2,"minecraft:grass":25,"minecraft:oak_log":118,"minecraft:coal_ore":247,"minecraft:oak_fence_gate":3,"minecraft:sand":53,"minecraft:gravel":62,"minecraft:dirt":74,"minecraft:netherrack":490,"minecraft:gold_ore":7,"minecraft:oak_leaves":19},"minecraft:dropped":{"minecraft:iron_ingot":1,"minecraft:bread":5,"minecraft:oak_slab":2,"minecraft:birch_leaves":1,"minecraft:wheat_seeds":6,"minecraft:cooked_porkchop":13,"minecraft:oak_fence":2,"minecraft:leather":3,"minecraft:granite":19,"minecraft:rail":9,"minecraft:diorite":18,"minecraft:ink_sac":3,"minecraft:torch":3,"minecraft:oak_stairs":1,"minecraft:iron_pickaxe":2,"minecraft:string":2,"minecraft:bone":1,"minecraft:compass":1,"minecraft:wheat":2,"minecraft:rotten_flesh":24,"minecraft:oak_planks":272,"minecraft:cooked_mutton":6,"minecraft:carrot":1,"minecraft:flint_and_steel":1,"minecraft:potato":3,"minecraft:gunpowder":2,"minecraft:andesite":22,"minecraft:oak_sapling":5,"minecraft:chest":1,"minecraft:iron_ore":128,"minecraft:arrow":6,"minecraft:glass":21,"minecraft:stone_pickaxe":3}},"DataVersion":2586}