{"stats":{"minecraft:killed":{"minecraft:cave_spider":2,"minecraft:pig":7,"minecraft:salmon":5,"minecraft:spider":3,"minecraft:creeper":1,"minecraft:sheep":8,"minecraft:skeleton":12,"minecraft:zombie":18,"minecraft:enderman":1,"minecraft:cow":8},"minecraft:mined":{"minecraft:diamond_ore":19,"minecraft:white_bed":2,"minecraft:crafting_table":9,"minecraft:torch":1,"minecraft:granite":12,"minecraft:grass_block":14,"minecraft:chest":2,"minecraft:cobblestone":13,"minecraft:lapis_ore":18,"minecraft:diorite":19,"minecraft:spawner":1,"minecraft:hay_block":6,"minecraft:redstone_ore":18,"minecraft:furnace":15,"minecraft:iron_ore":134,"minecraft:andesite":14,"minecraft:yellow_bed":2,"minecraft:grass":16,"minecraft:coal_ore":194,"minecraft:oak_log":55,"minecraft:gravel":13,"minecraft:dirt":57,"minecraft:stripped_oak_log":1,"minecraft:stone":364,"minecraft:oak_leaves":6},"minecraft:custom":{"minecraft:interact_with_furnace":69,"minecraft:mob_kills":67,"minecraft:interact_with_crafting_table":34,"minecraft:play_one_minute":160003,"minecraft:time_since_death":160003,"minecraft:sleep_in_bed":1,"minecraft:climb_one_cm":4408,"minecraft:time_since_rest":36619,"minecraft:sprint_one_cm":294389,"minecraft:damage_taken":734,"minecraft:walk_one_cm":461646,"minecraft:damage_blocked_by_shield":2295,"minecraft:drop":48,"minecraft:damage_dealt":9997,"minecraft:swim_one_cm":3008,"minecraft:talked_to_villager":8,"minecraft:fly_one_cm":219418,"minecraft:open_chest":35,"minecraft:crouch_one_cm":43971,"minecraft:sneak_time":17142,"minecraft:walk_under_water_one_cm":1967,"minecraft:jump":2105,"minecraft:interact_with_blast_furnace":21,"minecraft:walk_on_water_one_cm":22475,"minecraft:fall_one_cm":25384},"minecraft:crafted":{"minecraft:cooked_beef":13,"minecraft:oak_planks":200,"minecraft:cooked_porkchop":16,"minecraft:crafting_table":2,"minecraft:iron_helmet":1,"minecraft:wooden_pickaxe":1,"minecraft:furnace":2,"minecraft:bucket":7,"minecraft:stone_axe":3,"minecraft:bread":18,"minecraft:cooked_mutton":13,"minecraft:air":0,"minecraft:flint_and_steel":1,"minecraft:iron_boots":1,"minecraft:iron_chestplate":1,"minecraft:diamond_pickaxe":1,"minecraft:shield":1,"minecraft:iron_axe":1,"minecraft:stick":28,"minecraft:iron_ingot":116,"minecraft:iron_pickaxe":1,"minecraft:stone_pickaxe":4,"minecraft:chest":1,"minecraft:iron_leggings":1,"minecraft:wheat":54},"minecraft:broken":{"minecraft:stone_pickaxe":4,"minecraft:stone_axe":2,"minecraft:iron_pickaxe":1,"minecraft:wooden_pickaxe":1},"minecraft:used":{"minecraft:cooked_mutton":6,"minecraft:water_bucket":16,"minecraft:stone_pickaxe":522,"minecraft:oak_planks":1,"minecraft:wooden_pickaxe":59,"minecraft:chest":3,"minecraft:shield":58,"minecraft:torch":9,"minecraft:dirt":89,"minecraft:crafting_table":11,"minecraft:white_bed":2,"minecraft:bread":5,"minecraft:iron_pickaxe":267,"minecraft:gravel":9,"minecraft:stone_axe":227,"minecraft:cobblestone":148,"minecraft:furnace":15,"minecraft:cooked_porkchop":3,"minecraft:bucket":25,"minecraft:yellow_bed":1,"minecraft:cooked_beef":5},"minecraft:dropped":{"minecraft:bread":5,"minecraft:compass":1,"minecraft:wheat_seeds":4,"minecraft:cooked_porkchop":7,"minecraft:oak_fence":1,"minecraft:rotten_flesh":18,"minecraft:oak_planks":88,"minecraft:leather":3,"minecraft:granite":12,"minecraft:cooked_mutton":6,"minecraft:rail":9,"minecraft:flint_and_steel":1,"minecraft:potato":1,"minecraft:diorite":18,"minecraft:andesite":20,"minecraft:oak_sapling":4,"minecraft:chest":1,"minecraft:iron_ore":128,"minecraft:stone_pickaxe":1,"minecraft:bone":1},"minecraft:picked_up":{"minecraft:wooden_axe":1,"minecraft:iron_chestplate":1,"minecraft:crafting_table":9,"minecraft:salmon":5,"minecraft:andesite":27,"minecraft:leather":5,"minecraft:wooden_pickaxe":1,"minecraft:potato":1,"minecraft:flint":1,"minecraft:oak_log":49,"minecraft:yellow_bed":2,"minecraft:shield":1,"minecraft:gunpowder":4,"minecraft:lapis_lazuli":106,"minecraft:string":4,"minecraft:dirt":113,"minecraft:compass":1,"minecraft:iron_leggings":1,"minecraft:bone":14,"minecraft:bow":1,"minecraft:wheat_seeds":4,"minecraft:bucket":2,"minecraft:iron_ingot":11,"minecraft:beef":16,"minecraft:stone_pickaxe":2,"minecraft:iron_ore":216,"minecraft:iron_pickaxe":1,"minecraft:chest":3,"minecraft:iron_sword":1,"minecraft:oak_planks":65,"minecraft:iron_boots":1,"minecraft:furnace":14,"minecraft:book":1,"minecraft:stick":1,"minecraft:oak_fence":4,"minecraft:torch":8,"minecraft:gravel":12,"minecraft:porkchop":16,"minecraft:diorite":19,"minecraft:white_bed":2,"minecraft:redstone":80,"minecraft:gold_ore":9,"minecraft:arrow":17,"minecraft:rotten_flesh":23,"minecraft:diamond":19,"minecraft:hay_block":6,"minecraft:iron_helmet":1,"minecraft:granite":14,"minecraft:golden_apple":1,"minecraft:bread":4,"minecraft:gold_ingot":1,"minecraft:stripped_oak_log":1,"minecraft:oak_sapling":4,"minecraft:mutton":13,"minecraft:coal":340,"minecraft:rail":16,"minecraft:white_wool":5,"minecraft:cobblestone":439,"minecraft:ender_pearl":1}},"DataVersion":2586}