{"stats":{"minecraft:killed":{"minecraft:cave_spider":2,"minecraft:zombified_piglin":1,"minecraft:spider":6,"minecraft:phantom":1,"minecraft:skeleton":20,"minecraft:chicken":7,"minecraft:piglin":2,"minecraft:pig":10,"minecraft:salmon":6,"minecraft:creeper":4,"minecraft:sheep":8,"minecraft:zombie":33,"minecraft:enderman":3,"minecraft:cow":12},"minecraft:used":{"minecraft:oak_fence":79,"minecraft:iron_shovel":58,"minecraft:chest":3,"minecraft:shield":119,"minecraft:cooked_chicken":6,"minecraft:netherrack":138,"minecraft:oak_door":1,"minecraft:torch":99,"minecraft:dirt":136,"minecraft:carrot":2,"minecraft:oak_fence_gate":4,"minecraft:obsidian":8,"minecraft:glass":6,"minecraft:lava_bucket":3,"minecraft:iron_axe":182,"minecraft:furnace":19,"minecraft:cooked_beef":13,"minecraft:potato":20,"minecraft:wheat_seeds":8,"minecraft:cooked_mutton":6,"minecraft:water_bucket":22,"minecraft:birch_leaves":1,"minecraft:stone_pickaxe":810,"minecraft:baked_potato":7,"minecraft:oak_planks":16,"minecraft:wooden_pickaxe":59,"minecraft:cobblestone_slab":7,"minecraft:golden_apple":1,"minecraft:oak_slab":7,"minecraft:crafting_table":19,"minecraft:white_bed":5,"minecraft:diamond_pickaxe":10,"minecraft:lever":1,"minecraft:iron_pickaxe":407,"minecraft:bread":19,"minecraft:stone_button":1,"minecraft:gravel":9,"minecraft:stone_axe":298,"minecraft:cobblestone":286,"minecraft:cooked_porkchop":10,"minecraft:bucket":32,"minecraft:yellow_bed":1,"minecraft:stripped_oak_log":3},"minecraft:crafted":{"minecraft:oak_planks":448,"minecraft:cobblestone_slab":24,"minecraft:cooked_chicken":7,"minecraft:furnace":5,"minecraft:flint_and_steel":1,"minecraft:cooked_mutton":13,"minecraft:glass":22,"minecraft:iron_boots":1,"minecraft:iron_axe":1,"minecraft:stone_pickaxe":9,"minecraft:chest":1,"minecraft:oak_fence":57,"minecraft:wheat":54,"minecraft:cooked_beef":13,"minecraft:oak_slab":6,"minecraft:cooked_porkchop":29,"minecraft:crafting_table":4,"minecraft:iron_helmet":1,"minecraft:wooden_pickaxe":1,"minecraft:baked_potato":3,"minecraft:bucket":8,"minecraft:stone_axe":4,"minecraft:bread":18,"minecraft:air":0,"minecraft:oak_fence_gate":1,"minecraft:iron_chestplate":1,"minecraft:diamond_pickaxe":1,"minecraft:shield":3,"minecraft:stick":92,"minecraft:iron_ingot":135,"minecraft:iron_pickaxe":3,"minecraft:iron_shovel":1,"minecraft:iron_leggings":1,"minecraft:torch":56},"minecraft:picked_up":{"minecraft:wooden_axe":1,"minecraft:crafting_table":16,"minecraft:iron_chestplate":2,"minecraft:wheat":5,"minecraft:chicken":7,"minecraft:wooden_pickaxe":1,"minecraft:oak_stairs":2,"minecraft:potion":3,"minecraft:shield":2,"minecraft:string":8,"minecraft:iron_leggings":2,"minecraft:compass":1,"minecraft:gold_nugget":59,"minecraft:bucket":2,"minecraft:beef":25,"minecraft:iron_pickaxe":1,"minecraft:chest":3,"minecraft:furnace":17,"minecraft:phantom_membrane":1,"minecraft:egg":5,"minecraft:iron_boots":2,"minecraft:stick":3,"minecraft:oak_door":2,"minecraft:oak_fence":29,"minecraft:torch":33,"minecraft:porkchop":22,"minecraft:stone_button":2,"minecraft:diorite":35,"minecraft:carrot":3,"minecraft:redstone":80,"minecraft:arrow":25,"minecraft:rotten_flesh":39,"minecraft:hay_block":6,"minecraft:gold_ingot":1,"minecraft:obsidian":8,"minecraft:mutton":13,"minecraft:rail":16,"minecraft:white_wool":5,"minecraft:cobblestone":563,"minecraft:oxeye_daisy":7,"minecraft:stripped_oak_log":4,"minecraft:birch_leaves":4,"minecraft:feather":8,"minecraft:andesite":56,"minecraft:iron_door":1,"minecraft:water_bucket":1,"minecraft:salmon":6,"minecraft:leather":11,"minecraft:potato":24,"minecraft:flint":1,"minecraft:oak_log":107,"minecraft:yellow_bed":2,"minecraft:gunpowder":10,"minecraft:lapis_lazuli":106,"minecraft:dirt":166,"minecraft:glass":5,"minecraft:bone":17,"minecraft:bow":1,"minecraft:wheat_seeds":13,"minecraft:iron_ingot":18,"minecraft:oak_fence_gate":3,"minecraft:stone_pickaxe":5,"minecraft:iron_ore":249,"minecraft:glowstone_dust":18,"minecraft:iron_sword":2,"minecraft:oak_planks":89,"minecraft:book":1,"minecraft:oak_slab":5,"minecraft:cooked_porkchop":5,"minecraft:gravel":12,"minecraft:lava_bucket":1,"minecraft:sand":52,"minecraft:white_bed":3,"minecraft:grass_block":1,"minecraft:gold_ore":9,"minecraft:spider_eye":1,"minecraft:mossy_cobblestone":3,"minecraft:diamond":19,"minecraft:lever":1,"minecraft:iron_helmet":2,"minecraft:granite":28,"minecraft:golden_apple":1,"minecraft:bread":4,"minecraft:baked_potato":4,"minecraft:oak_sapling":8,"minecraft:netherrack":182,"minecraft:coal":340,"minecraft:oak_leaves":1,"minecraft:crimson_roots":1,"minecraft:ender_pearl":3},"minecraft:custom":{"minecraft:mob_kills":117,"minecraft:interact_with_crafting_table":73,"minecraft:leave_game":6,"minecraft:time_since_death":346687,"minecraft:climb_one_cm":4408,"minecraft:sprint_one_cm":781369,"minecraft:damage_blocked_by_shield":4020,"minecraft:walk_one_cm":1238748,"minecraft:drop":103,"minecraft:talked_to_villager":12,"minecraft:sneak_time":27922,"minecraft:walk_under_water_one_cm":31679,"minecraft:jump":5275,"minecraft:interact_with_blast_furnace":49,"minecraft:walk_on_water_one_cm":40615,"minecraft:interact_with_furnace":130,"minecraft:play_one_minute":346687,"minecraft:sleep_in_bed":3,"minecraft:time_since_rest":22860,"minecraft:damage_absorbed":40,"minecraft:damage_taken":2837,"minecraft:damage_dealt":18340,"minecraft:swim_one_cm":6665,"minecraft:fly_one_cm":758521,"minecraft:open_chest":108,"minecraft:crouch_one_cm":80948,"minecraft:fall_one_cm":91397},"minecraft:broken":{"minecraft:wooden_pickaxe":1,"minecraft:stone_pickaxe":6,"minecraft:iron_axe":1,"minecraft:stone_axe":3,"minecraft:iron_pickaxe":1},"minecraft:mined":{"minecraft:nether_gold_ore":14,"minecraft:diamond_ore":19,"minecraft:white_bed":4,"minecraft:oak_sapling":1,"minecraft:mossy_cobblestone":1,"minecraft:obsidian":8,"minecraft:granite":19,"minecraft:stone_button":1,"minecraft:grass_block":22,"minecraft:spawner":1,"minecraft:hay_block":6,"minecraft:redstone_ore":18,"minecraft:carrots":1,"minecraft:glowstone":4,"minecraft:furnace":18,"minecraft:iron_ore":167,"minecraft:fire":6,"minecraft:andesite":25,"minecraft:potatoes":18,"minecraft:stripped_oak_log":4,"minecraft:stone":436,"minecraft:oak_slab":2,"minecraft:glass_pane":9,"minecraft:oak_fence":25,"minecraft:crafting_table":15,"minecraft:torch":5,"minecraft:chest":2,"minecraft:tall_grass":1,"minecraft:cobblestone":65,"minecraft:lapis_ore":18,"minecraft:oak_planks":22,"minecraft:iron_door":1,"minecraft:wall_torch":1,"minecraft:diorite":35,"minecraft:wheat":6,"minecraft:birch_leaves":1,"minecraft:yellow_bed":2,"minecraft:grass":23,"minecraft:oak_log":96,"minecraft:coal_ore":194,"minecraft:oak_fence_gate":3,"minecraft:sand":53,"minecraft:gravel":13,"minecraft:dirt":68,"minecraft:netherrack":192,"minecraft:oak_leaves":17},"minecraft:dropped":{"minecraft:bread":5,"minecraft:oak_slab":2,"minecraft:birch_leaves":1,"minecraft:wheat_seeds":5,"minecraft:cooked_porkchop":13,"minecraft:oak_fence":2,"minecraft:leather":3,"minecraft:granite":19,"minecraft:rail":9,"minecraft:diorite":18,"minecraft:torch":3,"minecraft:oak_stairs":1,"minecraft:iron_pickaxe":2,"minecraft:string":2,"minecraft:bone":1,"minecraft:compass":1,"minecraft:wheat":2,"minecraft:rotten_flesh":24,"minecraft:oak_planks":272,"minecraft:cooked_mutton":6,"minecraft:carrot":1,"minecraft:flint_and_steel":1,"minecraft:potato":1,"minecraft:gunpowder":2,"minecraft:andesite":20,"minecraft:oak_sapling":5,"minecraft:chest":1,"minecraft:iron_ore":128,"minecraft:arrow":5,"minecraft:glass":21,"minecraft:stone_pickaxe":3}},"DataVersion":2586}