{"stats":{"minecraft:killed":{"minecraft:cave_spider":2,"minecraft:spider":4,"minecraft:phantom":1,"minecraft:skeleton":17,"minecraft:pig":7,"minecraft:salmon":6,"minecraft:creeper":3,"minecraft:sheep":8,"minecraft:zombie":30,"minecraft:enderman":1,"minecraft:cow":8},"minecraft:custom":{"minecraft:mob_kills":89,"minecraft:interact_with_crafting_table":62,"minecraft:leave_game":4,"minecraft:time_since_death":267351,"minecraft:climb_one_cm":4408,"minecraft:sprint_one_cm":558364,"minecraft:walk_one_cm":988958,"minecraft:damage_blocked_by_shield":3000,"minecraft:drop":97,"minecraft:talked_to_villager":12,"minecraft:sneak_time":20186,"minecraft:walk_under_water_one_cm":31679,"minecraft:jump":3722,"minecraft:interact_with_blast_furnace":31,"minecraft:walk_on_water_one_cm":38410,"minecraft:interact_with_furnace":93,"minecraft:play_one_minute":267351,"minecraft:sleep_in_bed":2,"minecraft:time_since_rest":7622,"minecraft:damage_taken":1494,"minecraft:damage_dealt":14190,"minecraft:swim_one_cm":6665,"minecraft:fly_one_cm":485812,"minecraft:open_chest":88,"minecraft:crouch_one_cm":51021,"minecraft:fall_one_cm":57158},"minecraft:mined":{"minecraft:diamond_ore":19,"minecraft:white_bed":4,"minecraft:oak_sapling":1,"minecraft:mossy_cobblestone":1,"minecraft:obsidian":8,"minecraft:granite":12,"minecraft:stone_button":1,"minecraft:grass_block":21,"minecraft:spawner":1,"minecraft:hay_block":6,"minecraft:redstone_ore":18,"minecraft:carrots":1,"minecraft:furnace":15,"minecraft:iron_ore":140,"minecraft:andesite":15,"minecraft:potatoes":18,"minecraft:stripped_oak_log":4,"minecraft:stone":365,"minecraft:oak_slab":2,"minecraft:glass_pane":9,"minecraft:oak_fence":12,"minecraft:crafting_table":9,"minecraft:torch":4,"minecraft:chest":2,"minecraft:cobblestone":62,"minecraft:lapis_ore":18,"minecraft:oak_planks":8,"minecraft:wall_torch":1,"minecraft:diorite":19,"minecraft:iron_door":1,"minecraft:yellow_bed":2,"minecraft:grass":18,"minecraft:oak_log":90,"minecraft:coal_ore":194,"minecraft:oak_fence_gate":3,"minecraft:gravel":13,"minecraft:sand":53,"minecraft:dirt":63,"minecraft:oak_leaves":17},"minecraft:crafted":{"minecraft:oak_planks":424,"minecraft:cobblestone_slab":24,"minecraft:furnace":2,"minecraft:cooked_mutton":13,"minecraft:flint_and_steel":1,"minecraft:glass":22,"minecraft:iron_boots":1,"minecraft:iron_axe":1,"minecraft:stone_pickaxe":4,"minecraft:chest":1,"minecraft:oak_fence":27,"minecraft:wheat":54,"minecraft:cooked_beef":13,"minecraft:oak_slab":6,"minecraft:cooked_porkchop":16,"minecraft:crafting_table":3,"minecraft:wooden_pickaxe":1,"minecraft:iron_helmet":1,"minecraft:bucket":8,"minecraft:stone_axe":3,"minecraft:bread":18,"minecraft:air":0,"minecraft:oak_fence_gate":1,"minecraft:iron_chestplate":1,"minecraft:diamond_pickaxe":1,"minecraft:shield":3,"minecraft:stick":80,"minecraft:iron_ingot":116,"minecraft:iron_pickaxe":2,"minecraft:iron_shovel":1,"minecraft:iron_leggings":1,"minecraft:torch":56},"minecraft:broken":{"minecraft:wooden_pickaxe":1,"minecraft:stone_pickaxe":4,"minecraft:stone_axe":3,"minecraft:iron_pickaxe":1},"minecraft:used":{"minecraft:oak_fence":26,"minecraft:iron_shovel":55,"minecraft:chest":3,"minecraft:shield":77,"minecraft:oak_door":1,"minecraft:torch":87,"minecraft:dirt":126,"minecraft:obsidian":8,"minecraft:oak_fence_gate":4,"minecraft:glass":6,"minecraft:lava_bucket":3,"minecraft:iron_axe":130,"minecraft:furnace":16,"minecraft:cooked_beef":13,"minecraft:cooked_mutton":6,"minecraft:water_bucket":22,"minecraft:stone_pickaxe":522,"minecraft:oak_planks":16,"minecraft:wooden_pickaxe":59,"minecraft:cobblestone_slab":7,"minecraft:oak_slab":7,"minecraft:crafting_table":12,"minecraft:white_bed":5,"minecraft:diamond_pickaxe":10,"minecraft:lever":1,"minecraft:bread":15,"minecraft:stone_button":1,"minecraft:iron_pickaxe":348,"minecraft:gravel":9,"minecraft:stone_axe":236,"minecraft:cobblestone":249,"minecraft:cooked_porkchop":4,"minecraft:bucket":32,"minecraft:yellow_bed":1,"minecraft:stripped_oak_log":3},"minecraft:dropped":{"minecraft:bread":5,"minecraft:oak_slab":2,"minecraft:wheat_seeds":4,"minecraft:cooked_porkchop":13,"minecraft:oak_fence":2,"minecraft:leather":3,"minecraft:granite":12,"minecraft:rail":9,"minecraft:diorite":18,"minecraft:torch":3,"minecraft:oak_stairs":1,"minecraft:iron_pickaxe":1,"minecraft:string":2,"minecraft:bone":1,"minecraft:compass":1,"minecraft:wheat":2,"minecraft:rotten_flesh":24,"minecraft:oak_planks":272,"minecraft:cooked_mutton":6,"minecraft:carrot":1,"minecraft:flint_and_steel":1,"minecraft:potato":1,"minecraft:gunpowder":2,"minecraft:andesite":20,"minecraft:chest":1,"minecraft:oak_sapling":5,"minecraft:iron_ore":128,"minecraft:arrow":5,"minecraft:stone_pickaxe":1,"minecraft:glass":21},"minecraft:picked_up":{"minecraft:wooden_axe":1,"minecraft:crafting_table":10,"minecraft:iron_chestplate":1,"minecraft:wheat":2,"minecraft:wooden_pickaxe":1,"minecraft:oak_stairs":2,"minecraft:shield":1,"minecraft:string":7,"minecraft:iron_leggings":1,"minecraft:compass":1,"minecraft:bucket":2,"minecraft:beef":16,"minecraft:iron_pickaxe":1,"minecraft:phantom_membrane":1,"minecraft:chest":3,"minecraft:furnace":14,"minecraft:iron_boots":1,"minecraft:stick":3,"minecraft:oak_door":2,"minecraft:oak_fence":16,"minecraft:torch":32,"minecraft:porkchop":16,"minecraft:stone_button":2,"minecraft:diorite":19,"minecraft:carrot":3,"minecraft:redstone":80,"minecraft:arrow":23,"minecraft:rotten_flesh":30,"minecraft:hay_block":6,"minecraft:gold_ingot":1,"minecraft:obsidian":8,"minecraft:mutton":13,"minecraft:rail":16,"minecraft:white_wool":5,"minecraft:cobblestone":491,"minecraft:oxeye_daisy":7,"minecraft:stripped_oak_log":4,"minecraft:birch_leaves":2,"minecraft:iron_door":1,"minecraft:andesite":27,"minecraft:salmon":6,"minecraft:leather":5,"minecraft:potato":23,"minecraft:flint":1,"minecraft:oak_log":101,"minecraft:yellow_bed":2,"minecraft:gunpowder":8,"minecraft:lapis_lazuli":106,"minecraft:dirt":127,"minecraft:glass":5,"minecraft:bone":17,"minecraft:bow":1,"minecraft:wheat_seeds":4,"minecraft:stone_pickaxe":2,"minecraft:iron_ingot":11,"minecraft:oak_fence_gate":3,"minecraft:iron_ore":222,"minecraft:iron_sword":1,"minecraft:oak_planks":76,"minecraft:book":1,"minecraft:oak_slab":5,"minecraft:cooked_porkchop":4,"minecraft:gravel":12,"minecraft:lava_bucket":1,"minecraft:sand":52,"minecraft:white_bed":3,"minecraft:gold_ore":9,"minecraft:spider_eye":1,"minecraft:mossy_cobblestone":3,"minecraft:diamond":19,"minecraft:lever":1,"minecraft:iron_helmet":1,"minecraft:granite":14,"minecraft:golden_apple":1,"minecraft:bread":4,"minecraft:baked_potato":4,"minecraft:oak_sapling":8,"minecraft:coal":340,"minecraft:oak_leaves":1,"minecraft:ender_pearl":2}},"DataVersion":2586}