{"stats":{"minecraft:killed":{"minecraft:cave_spider":2,"minecraft:pig":7,"minecraft:spider":3,"minecraft:creeper":1,"minecraft:sheep":8,"minecraft:skeleton":11,"minecraft:zombie":17,"minecraft:enderman":1,"minecraft:cow":7},"minecraft:mined":{"minecraft:diamond_ore":19,"minecraft:crafting_table":9,"minecraft:torch":1,"minecraft:granite":11,"minecraft:grass_block":12,"minecraft:chest":2,"minecraft:cobblestone":9,"minecraft:lapis_ore":18,"minecraft:diorite":13,"minecraft:spawner":1,"minecraft:hay_block":6,"minecraft:furnace":11,"minecraft:iron_ore":130,"minecraft:andesite":9,"minecraft:yellow_bed":2,"minecraft:grass":6,"minecraft:coal_ore":189,"minecraft:oak_log":52,"minecraft:gravel":13,"minecraft:dirt":35,"minecraft:stone":245,"minecraft:oak_leaves":6},"minecraft:custom":{"minecraft:interact_with_furnace":64,"minecraft:mob_kills":59,"minecraft:interact_with_crafting_table":27,"minecraft:play_one_minute":118003,"minecraft:time_since_death":118003,"minecraft:climb_one_cm":2026,"minecraft:time_since_rest":118003,"minecraft:sprint_one_cm":209858,"minecraft:damage_taken":564,"minecraft:walk_one_cm":275511,"minecraft:damage_blocked_by_shield":2015,"minecraft:drop":27,"minecraft:damage_dealt":9146,"minecraft:fly_one_cm":155646,"minecraft:open_chest":31,"minecraft:crouch_one_cm":39574,"minecraft:sneak_time":15571,"minecraft:walk_under_water_one_cm":317,"minecraft:jump":1527,"minecraft:interact_with_blast_furnace":20,"minecraft:walk_on_water_one_cm":21120,"minecraft:fall_one_cm":16444},"minecraft:crafted":{"minecraft:cooked_beef":13,"minecraft:oak_planks":192,"minecraft:cooked_porkchop":16,"minecraft:crafting_table":2,"minecraft:iron_helmet":1,"minecraft:wooden_pickaxe":1,"minecraft:furnace":2,"minecraft:bucket":1,"minecraft:stone_axe":3,"minecraft:bread":18,"minecraft:cooked_mutton":13,"minecraft:air":0,"minecraft:flint_and_steel":1,"minecraft:iron_boots":1,"minecraft:iron_chestplate":1,"minecraft:diamond_pickaxe":1,"minecraft:shield":1,"minecraft:stick":20,"minecraft:iron_ingot":112,"minecraft:iron_pickaxe":1,"minecraft:stone_pickaxe":4,"minecraft:chest":1,"minecraft:iron_leggings":1,"minecraft:wheat":54},"minecraft:broken":{"minecraft:stone_pickaxe":3,"minecraft:stone_axe":2,"minecraft:wooden_pickaxe":1},"minecraft:used":{"minecraft:cooked_mutton":6,"minecraft:water_bucket":15,"minecraft:stone_pickaxe":500,"minecraft:oak_planks":1,"minecraft:wooden_pickaxe":59,"minecraft:chest":3,"minecraft:shield":53,"minecraft:torch":1,"minecraft:dirt":48,"minecraft:crafting_table":10,"minecraft:bread":3,"minecraft:iron_pickaxe":114,"minecraft:gravel":9,"minecraft:stone_axe":205,"minecraft:cobblestone":85,"minecraft:furnace":12,"minecraft:cooked_porkchop":3,"minecraft:bucket":16,"minecraft:yellow_bed":1,"minecraft:cooked_beef":2},"minecraft:dropped":{"minecraft:wheat_seeds":1,"minecraft:oak_fence":1,"minecraft:rotten_flesh":16,"minecraft:oak_planks":88,"minecraft:leather":3,"minecraft:granite":11,"minecraft:rail":9,"minecraft:flint_and_steel":1,"minecraft:diorite":11,"minecraft:andesite":18,"minecraft:oak_sapling":4,"minecraft:chest":1,"minecraft:iron_ore":128,"minecraft:stone_pickaxe":1},"minecraft:picked_up":{"minecraft:wooden_axe":1,"minecraft:iron_chestplate":1,"minecraft:crafting_table":9,"minecraft:andesite":25,"minecraft:leather":5,"minecraft:wooden_pickaxe":1,"minecraft:flint":1,"minecraft:oak_log":48,"minecraft:yellow_bed":2,"minecraft:shield":1,"minecraft:gunpowder":4,"minecraft:lapis_lazuli":106,"minecraft:string":4,"minecraft:dirt":48,"minecraft:iron_leggings":1,"minecraft:bone":13,"minecraft:bow":1,"minecraft:wheat_seeds":1,"minecraft:iron_ingot":10,"minecraft:beef":13,"minecraft:stone_pickaxe":2,"minecraft:iron_ore":206,"minecraft:iron_pickaxe":1,"minecraft:chest":3,"minecraft:iron_sword":1,"minecraft:oak_planks":65,"minecraft:iron_boots":1,"minecraft:furnace":10,"minecraft:book":1,"minecraft:stick":1,"minecraft:oak_fence":4,"minecraft:torch":8,"minecraft:gravel":12,"minecraft:porkchop":16,"minecraft:diorite":12,"minecraft:gold_ore":9,"minecraft:arrow":15,"minecraft:rotten_flesh":21,"minecraft:diamond":19,"minecraft:hay_block":6,"minecraft:iron_helmet":1,"minecraft:granite":13,"minecraft:golden_apple":1,"minecraft:gold_ingot":1,"minecraft:oak_sapling":4,"minecraft:mutton":13,"minecraft:coal":336,"minecraft:rail":16,"minecraft:white_wool":5,"minecraft:cobblestone":284,"minecraft:ender_pearl":1}},"DataVersion":2586}