{"stats":{"minecraft:killed":{"minecraft:cave_spider":2,"minecraft:spider":3,"minecraft:skeleton":14,"minecraft:pig":7,"minecraft:salmon":6,"minecraft:creeper":2,"minecraft:sheep":8,"minecraft:zombie":29,"minecraft:enderman":1,"minecraft:cow":8},"minecraft:custom":{"minecraft:mob_kills":82,"minecraft:interact_with_crafting_table":51,"minecraft:time_since_death":208003,"minecraft:climb_one_cm":4408,"minecraft:sprint_one_cm":417922,"minecraft:walk_one_cm":716470,"minecraft:damage_blocked_by_shield":2710,"minecraft:drop":87,"minecraft:talked_to_villager":10,"minecraft:sneak_time":18206,"minecraft:walk_under_water_one_cm":31131,"minecraft:jump":2909,"minecraft:interact_with_blast_furnace":26,"minecraft:walk_on_water_one_cm":34636,"minecraft:interact_with_furnace":83,"minecraft:play_one_minute":208003,"minecraft:sleep_in_bed":1,"minecraft:time_since_rest":84619,"minecraft:damage_taken":1289,"minecraft:damage_dealt":13019,"minecraft:swim_one_cm":4931,"minecraft:fly_one_cm":353156,"minecraft:open_chest":47,"minecraft:crouch_one_cm":46546,"minecraft:fall_one_cm":41484},"minecraft:mined":{"minecraft:diamond_ore":19,"minecraft:white_bed":3,"minecraft:mossy_cobblestone":1,"minecraft:granite":12,"minecraft:stone_button":1,"minecraft:grass_block":19,"minecraft:spawner":1,"minecraft:hay_block":6,"minecraft:redstone_ore":18,"minecraft:furnace":15,"minecraft:iron_ore":140,"minecraft:andesite":14,"minecraft:stripped_oak_log":1,"minecraft:stone":364,"minecraft:glass_pane":9,"minecraft:oak_fence":11,"minecraft:crafting_table":9,"minecraft:torch":2,"minecraft:chest":2,"minecraft:cobblestone":47,"minecraft:lapis_ore":18,"minecraft:oak_planks":1,"minecraft:iron_door":1,"minecraft:diorite":19,"minecraft:yellow_bed":2,"minecraft:grass":17,"minecraft:oak_log":55,"minecraft:coal_ore":194,"minecraft:oak_fence_gate":3,"minecraft:sand":53,"minecraft:gravel":13,"minecraft:dirt":61,"minecraft:oak_leaves":6},"minecraft:crafted":{"minecraft:oak_planks":200,"minecraft:cobblestone_slab":12,"minecraft:furnace":2,"minecraft:cooked_mutton":13,"minecraft:flint_and_steel":1,"minecraft:glass":22,"minecraft:iron_boots":1,"minecraft:iron_axe":1,"minecraft:stone_pickaxe":4,"minecraft:chest":1,"minecraft:oak_fence":6,"minecraft:wheat":54,"minecraft:cooked_beef":13,"minecraft:cooked_porkchop":16,"minecraft:crafting_table":3,"minecraft:wooden_pickaxe":1,"minecraft:iron_helmet":1,"minecraft:bucket":8,"minecraft:stone_axe":3,"minecraft:bread":18,"minecraft:air":0,"minecraft:oak_fence_gate":1,"minecraft:iron_chestplate":1,"minecraft:diamond_pickaxe":1,"minecraft:shield":1,"minecraft:stick":56,"minecraft:iron_ingot":116,"minecraft:iron_pickaxe":1,"minecraft:iron_shovel":1,"minecraft:iron_leggings":1,"minecraft:torch":16},"minecraft:broken":{"minecraft:wooden_pickaxe":1,"minecraft:stone_pickaxe":4,"minecraft:stone_axe":3,"minecraft:iron_pickaxe":1},"minecraft:used":{"minecraft:oak_fence":16,"minecraft:iron_shovel":55,"minecraft:chest":3,"minecraft:shield":69,"minecraft:torch":53,"minecraft:dirt":99,"minecraft:oak_fence_gate":4,"minecraft:glass":6,"minecraft:lava_bucket":1,"minecraft:iron_axe":49,"minecraft:furnace":16,"minecraft:cooked_beef":8,"minecraft:cooked_mutton":6,"minecraft:water_bucket":20,"minecraft:stone_pickaxe":522,"minecraft:oak_planks":7,"minecraft:wooden_pickaxe":59,"minecraft:cobblestone_slab":7,"minecraft:crafting_table":12,"minecraft:white_bed":4,"minecraft:lever":1,"minecraft:bread":15,"minecraft:iron_pickaxe":313,"minecraft:gravel":9,"minecraft:stone_axe":236,"minecraft:cobblestone":217,"minecraft:cooked_porkchop":3,"minecraft:bucket":30,"minecraft:yellow_bed":1},"minecraft:dropped":{"minecraft:bread":5,"minecraft:wheat_seeds":4,"minecraft:cooked_porkchop":13,"minecraft:oak_fence":2,"minecraft:leather":3,"minecraft:granite":12,"minecraft:rail":9,"minecraft:diorite":18,"minecraft:oak_stairs":1,"minecraft:bone":1,"minecraft:compass":1,"minecraft:wheat":2,"minecraft:rotten_flesh":24,"minecraft:oak_planks":152,"minecraft:cooked_mutton":6,"minecraft:carrot":1,"minecraft:flint_and_steel":1,"minecraft:potato":1,"minecraft:gunpowder":2,"minecraft:andesite":20,"minecraft:chest":1,"minecraft:oak_sapling":5,"minecraft:iron_ore":128,"minecraft:arrow":5,"minecraft:glass":21,"minecraft:stone_pickaxe":1},"minecraft:picked_up":{"minecraft:wooden_axe":1,"minecraft:crafting_table":10,"minecraft:iron_chestplate":1,"minecraft:wheat":2,"minecraft:wooden_pickaxe":1,"minecraft:oak_stairs":1,"minecraft:shield":1,"minecraft:string":4,"minecraft:iron_leggings":1,"minecraft:compass":1,"minecraft:bucket":2,"minecraft:beef":16,"minecraft:iron_pickaxe":1,"minecraft:chest":3,"minecraft:furnace":14,"minecraft:iron_boots":1,"minecraft:stick":1,"minecraft:oak_fence":15,"minecraft:torch":29,"minecraft:porkchop":16,"minecraft:stone_button":1,"minecraft:diorite":19,"minecraft:carrot":1,"minecraft:redstone":80,"minecraft:arrow":20,"minecraft:rotten_flesh":29,"minecraft:hay_block":6,"minecraft:gold_ingot":1,"minecraft:mutton":13,"minecraft:cobblestone":475,"minecraft:white_wool":5,"minecraft:rail":16,"minecraft:stripped_oak_log":1,"minecraft:iron_door":1,"minecraft:andesite":27,"minecraft:salmon":6,"minecraft:leather":5,"minecraft:potato":1,"minecraft:flint":1,"minecraft:oak_log":49,"minecraft:yellow_bed":2,"minecraft:gunpowder":6,"minecraft:lapis_lazuli":106,"minecraft:dirt":123,"minecraft:glass":5,"minecraft:bone":14,"minecraft:bow":1,"minecraft:wheat_seeds":4,"minecraft:oak_fence_gate":3,"minecraft:iron_ingot":11,"minecraft:stone_pickaxe":2,"minecraft:iron_ore":222,"minecraft:oak_planks":65,"minecraft:iron_sword":1,"minecraft:book":1,"minecraft:lava_bucket":1,"minecraft:gravel":12,"minecraft:sand":52,"minecraft:white_bed":2,"minecraft:gold_ore":9,"minecraft:diamond":19,"minecraft:lever":1,"minecraft:iron_helmet":1,"minecraft:granite":14,"minecraft:golden_apple":1,"minecraft:bread":4,"minecraft:oak_sapling":5,"minecraft:coal":340,"minecraft:ender_pearl":2}},"DataVersion":2586}