{"stats":{"minecraft:picked_up":{"minecraft:wooden_axe":1,"minecraft:crafting_table":8,"minecraft:andesite":13,"minecraft:leather":5,"minecraft:flint":1,"minecraft:oak_log":48,"minecraft:yellow_bed":2,"minecraft:gunpowder":4,"minecraft:dirt":41,"minecraft:bone":6,"minecraft:beef":13,"minecraft:iron_ore":52,"minecraft:chest":2,"minecraft:furnace":7,"minecraft:book":1,"minecraft:stick":1,"minecraft:gravel":12,"minecraft:porkchop":3,"minecraft:diorite":10,"minecraft:gold_ore":3,"minecraft:arrow":9,"minecraft:rotten_flesh":4,"minecraft:hay_block":6,"minecraft:granite":13,"minecraft:oak_sapling":4,"minecraft:mutton":8,"minecraft:coal":336,"minecraft:white_wool":5,"minecraft:cobblestone":140},"minecraft:killed":{"minecraft:pig":1,"minecraft:spider":1,"minecraft:creeper":1,"minecraft:sheep":5,"minecraft:skeleton":9,"minecraft:zombie":5,"minecraft:cow":7},"minecraft:used":{"minecraft:stone_pickaxe":348,"minecraft:chest":2,"minecraft:wooden_pickaxe":59,"minecraft:shield":30,"minecraft:dirt":11,"minecraft:crafting_table":9,"minecraft:iron_pickaxe":5,"minecraft:gravel":9,"minecraft:stone_axe":127,"minecraft:furnace":6,"minecraft:cooked_porkchop":3,"minecraft:bucket":1,"minecraft:yellow_bed":1,"minecraft:cooked_beef":2},"minecraft:custom":{"minecraft:interact_with_furnace":34,"minecraft:mob_kills":29,"minecraft:interact_with_crafting_table":18,"minecraft:play_one_minute":59184,"minecraft:time_since_death":59184,"minecraft:climb_one_cm":2026,"minecraft:time_since_rest":59184,"minecraft:sprint_one_cm":106164,"minecraft:damage_taken":250,"minecraft:walk_one_cm":126472,"minecraft:damage_blocked_by_shield":1270,"minecraft:drop":10,"minecraft:damage_dealt":4363,"minecraft:fly_one_cm":71831,"minecraft:open_chest":3,"minecraft:crouch_one_cm":25613,"minecraft:sneak_time":10307,"minecraft:walk_under_water_one_cm":208,"minecraft:jump":712,"minecraft:walk_on_water_one_cm":4220,"minecraft:fall_one_cm":7155},"minecraft:mined":{"minecraft:crafting_table":8,"minecraft:granite":6,"minecraft:grass_block":11,"minecraft:chest":2,"minecraft:diorite":10,"minecraft:hay_block":6,"minecraft:furnace":7,"minecraft:iron_ore":50,"minecraft:andesite":7,"minecraft:yellow_bed":2,"minecraft:grass":4,"minecraft:oak_log":52,"minecraft:coal_ore":189,"minecraft:gravel":13,"minecraft:dirt":25,"minecraft:stone":130,"minecraft:oak_leaves":5},"minecraft:crafted":{"minecraft:cooked_beef":3,"minecraft:oak_planks":192,"minecraft:cooked_porkchop":3,"minecraft:crafting_table":2,"minecraft:wooden_pickaxe":1,"minecraft:iron_helmet":1,"minecraft:furnace":2,"minecraft:bucket":1,"minecraft:stone_axe":2,"minecraft:cooked_mutton":6,"minecraft:air":0,"minecraft:flint_and_steel":1,"minecraft:iron_boots":1,"minecraft:iron_chestplate":1,"minecraft:shield":1,"minecraft:stick":16,"minecraft:iron_ingot":35,"minecraft:iron_pickaxe":1,"minecraft:stone_pickaxe":4,"minecraft:iron_leggings":1},"minecraft:dropped":{"minecraft:rotten_flesh":4,"minecraft:granite":11,"minecraft:diorite":9,"minecraft:andesite":12,"minecraft:oak_sapling":4},"minecraft:broken":{"minecraft:stone_pickaxe":2,"minecraft:stone_axe":1,"minecraft:wooden_pickaxe":1}},"DataVersion":2586}