{"stats":{"minecraft:killed":{"minecraft:cave_spider":11,"minecraft:pig":3,"minecraft:spider":3,"minecraft:bat":1,"minecraft:creeper":6,"minecraft:sheep":6,"minecraft:skeleton":7,"minecraft:zombie":5,"minecraft:chicken":3,"minecraft:villager":1},"minecraft:mined":{"minecraft:white_bed":4,"minecraft:crafting_table":2,"minecraft:emerald_ore":1,"minecraft:grass_block":2,"minecraft:tall_grass":1,"minecraft:sugar_cane":4,"minecraft:oak_planks":10,"minecraft:diorite":5,"minecraft:wall_torch":9,"minecraft:furnace":1,"minecraft:iron_ore":172,"minecraft:birch_leaves":1,"minecraft:pumpkin":6,"minecraft:grass":2,"minecraft:oak_log":65,"minecraft:coal_ore":126,"minecraft:rail":1,"minecraft:gravel":6,"minecraft:dirt":7,"minecraft:cobweb":161,"minecraft:stone":103,"minecraft:white_wool":1,"minecraft:oak_leaves":22},"minecraft:custom":{"minecraft:interact_with_furnace":34,"minecraft:mob_kills":47,"minecraft:interact_with_crafting_table":23,"minecraft:play_one_minute":94252,"minecraft:leave_game":2,"minecraft:time_since_death":954,"minecraft:sleep_in_bed":1,"minecraft:climb_one_cm":2701,"minecraft:time_since_rest":979,"minecraft:sprint_one_cm":310499,"minecraft:damage_taken":2806,"minecraft:walk_one_cm":358796,"minecraft:damage_blocked_by_shield":970,"minecraft:drop":6,"minecraft:damage_dealt":7287,"minecraft:swim_one_cm":2877,"minecraft:talked_to_villager":1,"minecraft:fly_one_cm":117397,"minecraft:open_chest":8,"minecraft:crouch_one_cm":5185,"minecraft:deaths":7,"minecraft:sneak_time":2417,"minecraft:walk_under_water_one_cm":7333,"minecraft:jump":1662,"minecraft:interact_with_blast_furnace":2,"minecraft:walk_on_water_one_cm":23265,"minecraft:fall_one_cm":40233},"minecraft:killed_by":{"minecraft:skeleton":1,"minecraft:creeper":2,"minecraft:iron_golem":2},"minecraft:crafted":{"minecraft:cooked_beef":3,"minecraft:oak_planks":140,"minecraft:cooked_porkchop":5,"minecraft:crafting_table":4,"minecraft:wooden_pickaxe":1,"minecraft:iron_helmet":1,"minecraft:iron_sword":1,"minecraft:furnace":2,"minecraft:stone_axe":1,"minecraft:cooked_mutton":4,"minecraft:air":0,"minecraft:iron_boots":1,"minecraft:iron_chestplate":1,"minecraft:shield":1,"minecraft:iron_axe":1,"minecraft:stick":56,"minecraft:iron_ingot":36,"minecraft:iron_pickaxe":1,"minecraft:stone_pickaxe":2,"minecraft:wooden_axe":1,"minecraft:stone_sword":1,"minecraft:iron_leggings":2,"minecraft:torch":152},"minecraft:broken":{"minecraft:stone_pickaxe":1,"minecraft:stone_sword":1,"minecraft:wooden_axe":1},"minecraft:used":{"minecraft:cooked_mutton":4,"minecraft:diorite":4,"minecraft:stone_sword":66,"minecraft:stone_pickaxe":197,"minecraft:poppy":4,"minecraft:oak_planks":33,"minecraft:ender_pearl":1,"minecraft:wooden_pickaxe":3,"minecraft:shield":61,"minecraft:iron_sword":106,"minecraft:rotten_flesh":8,"minecraft:white_wool":3,"minecraft:torch":189,"minecraft:dirt":6,"minecraft:mutton":1,"minecraft:crafting_table":6,"minecraft:white_bed":4,"minecraft:wooden_axe":61,"minecraft:lava_bucket":1,"minecraft:chicken":3,"minecraft:iron_axe":60,"minecraft:iron_pickaxe":216,"minecraft:gravel":5,"minecraft:stone_axe":34,"minecraft:cobblestone":38,"minecraft:oak_sapling":1,"minecraft:furnace":3,"minecraft:cooked_porkchop":5,"minecraft:bucket":1,"minecraft:yellow_bed":2,"minecraft:cooked_beef":1,"minecraft:pumpkin":6},"minecraft:dropped":{"minecraft:rotten_flesh":3,"minecraft:torch":2,"minecraft:wooden_pickaxe":1,"minecraft:black_wool":1},"minecraft:picked_up":{"minecraft:wooden_axe":4,"minecraft:crafting_table":2,"minecraft:cooked_beef":3,"minecraft:chicken":3,"minecraft:oak_log":109,"minecraft:yellow_bed":2,"minecraft:gunpowder":4,"minecraft:dirt":30,"minecraft:string":170,"minecraft:bone":15,"minecraft:iron_ingot":70,"minecraft:iron_ore":164,"minecraft:poppy":12,"minecraft:minecart":1,"minecraft:sugar_cane":9,"minecraft:chest":1,"minecraft:oak_planks":49,"minecraft:furnace":1,"minecraft:stick":4,"minecraft:pumpkin":6,"minecraft:torch":18,"minecraft:gravel":5,"minecraft:lava_bucket":1,"minecraft:porkchop":5,"minecraft:diorite":4,"minecraft:white_bed":5,"minecraft:spider_eye":2,"minecraft:arrow":23,"minecraft:rotten_flesh":12,"minecraft:diamond":32,"minecraft:emerald":1,"minecraft:oak_sapling":1,"minecraft:black_wool":1,"minecraft:mutton":9,"minecraft:coal":149,"minecraft:white_wool":7,"minecraft:rail":1,"minecraft:cobblestone":107}},"DataVersion":2586}