{"stats":{"minecraft:picked_up":{"minecraft:crafting_table":2,"minecraft:oak_log":35,"minecraft:gunpowder":2,"minecraft:string":170,"minecraft:bone":9,"minecraft:iron_ore":152,"minecraft:sugar_cane":9,"minecraft:oak_planks":6,"minecraft:furnace":1,"minecraft:pumpkin":6,"minecraft:torch":2,"minecraft:gravel":2,"minecraft:porkchop":5,"minecraft:diorite":4,"minecraft:spider_eye":2,"minecraft:arrow":7,"minecraft:rotten_flesh":5,"minecraft:mutton":8,"minecraft:black_wool":1,"minecraft:coal":149,"minecraft:rail":1,"minecraft:white_wool":6,"minecraft:cobblestone":93},"minecraft:killed":{"minecraft:cave_spider":11,"minecraft:pig":3,"minecraft:spider":3,"minecraft:bat":1,"minecraft:creeper":4,"minecraft:sheep":5,"minecraft:skeleton":7,"minecraft:zombie":3},"minecraft:custom":{"minecraft:interact_with_furnace":30,"minecraft:mob_kills":38,"minecraft:interact_with_crafting_table":22,"minecraft:play_one_minute":59488,"minecraft:time_since_death":59488,"minecraft:time_since_rest":59488,"minecraft:sprint_one_cm":180128,"minecraft:damage_taken":778,"minecraft:walk_one_cm":206342,"minecraft:damage_blocked_by_shield":970,"minecraft:drop":2,"minecraft:damage_dealt":5657,"minecraft:swim_one_cm":2877,"minecraft:fly_one_cm":38799,"minecraft:crouch_one_cm":4683,"minecraft:sneak_time":2204,"minecraft:walk_under_water_one_cm":2539,"minecraft:jump":701,"minecraft:walk_on_water_one_cm":20408,"minecraft:fall_one_cm":10497},"minecraft:used":{"minecraft:cooked_mutton":4,"minecraft:diorite":4,"minecraft:stone_sword":66,"minecraft:stone_pickaxe":197,"minecraft:oak_planks":18,"minecraft:wooden_pickaxe":3,"minecraft:shield":61,"minecraft:iron_sword":106,"minecraft:rotten_flesh":5,"minecraft:white_wool":3,"minecraft:torch":155,"minecraft:crafting_table":5,"minecraft:iron_axe":48,"minecraft:iron_pickaxe":179,"minecraft:gravel":2,"minecraft:stone_axe":34,"minecraft:cobblestone":6,"minecraft:furnace":3,"minecraft:cooked_porkchop":5,"minecraft:pumpkin":6},"minecraft:mined":{"minecraft:crafting_table":2,"minecraft:sugar_cane":4,"minecraft:oak_planks":6,"minecraft:diorite":5,"minecraft:furnace":1,"minecraft:iron_ore":153,"minecraft:birch_leaves":1,"minecraft:pumpkin":6,"minecraft:oak_log":30,"minecraft:coal_ore":126,"minecraft:gravel":3,"minecraft:cobweb":161,"minecraft:stone":91,"minecraft:white_wool":1},"minecraft:crafted":{"minecraft:oak_planks":120,"minecraft:cooked_porkchop":5,"minecraft:crafting_table":3,"minecraft:wooden_pickaxe":1,"minecraft:iron_helmet":1,"minecraft:iron_sword":1,"minecraft:furnace":2,"minecraft:stone_axe":1,"minecraft:cooked_mutton":4,"minecraft:air":0,"minecraft:iron_boots":1,"minecraft:iron_chestplate":1,"minecraft:shield":1,"minecraft:iron_axe":1,"minecraft:stick":52,"minecraft:iron_ingot":36,"minecraft:iron_pickaxe":1,"minecraft:stone_pickaxe":2,"minecraft:stone_sword":1,"minecraft:iron_leggings":2,"minecraft:torch":152},"minecraft:dropped":{"minecraft:wooden_pickaxe":1,"minecraft:black_wool":1},"minecraft:broken":{"minecraft:stone_pickaxe":1,"minecraft:stone_sword":1}},"DataVersion":2586}