{"stats":{"minecraft:killed":{"minecraft:cave_spider":11,"minecraft:spider":4,"minecraft:skeleton":7,"minecraft:chicken":3,"minecraft:pig":4,"minecraft:bat":1,"minecraft:creeper":6,"minecraft:sheep":6,"minecraft:zombie":12,"minecraft:villager":1,"minecraft:cow":2},"minecraft:custom":{"minecraft:mob_kills":59,"minecraft:interact_with_crafting_table":35,"minecraft:bell_ring":12,"minecraft:leave_game":5,"minecraft:time_since_death":85297,"minecraft:climb_one_cm":2841,"minecraft:sprint_one_cm":477225,"minecraft:walk_one_cm":492253,"minecraft:damage_blocked_by_shield":970,"minecraft:drop":6,"minecraft:talked_to_villager":5,"minecraft:deaths":10,"minecraft:sneak_time":3132,"minecraft:walk_under_water_one_cm":19794,"minecraft:jump":2382,"minecraft:interact_with_blast_furnace":3,"minecraft:walk_on_water_one_cm":30854,"minecraft:interact_with_furnace":45,"minecraft:play_one_minute":198511,"minecraft:sleep_in_bed":1,"minecraft:time_since_rest":85322,"minecraft:damage_taken":3760,"minecraft:damage_dealt":9231,"minecraft:fly_one_cm":217772,"minecraft:swim_one_cm":37868,"minecraft:open_chest":13,"minecraft:crouch_one_cm":5254,"minecraft:fall_one_cm":50949},"minecraft:mined":{"minecraft:diamond_ore":8,"minecraft:white_bed":4,"minecraft:granite":70,"minecraft:grass_block":4,"minecraft:redstone_ore":3,"minecraft:furnace":2,"minecraft:iron_ore":238,"minecraft:andesite":22,"minecraft:pumpkin":6,"minecraft:potatoes":2,"minecraft:rail":1,"minecraft:stone":909,"minecraft:white_wool":1,"minecraft:crafting_table":3,"minecraft:torch":2,"minecraft:emerald_ore":1,"minecraft:chest":1,"minecraft:tall_grass":1,"minecraft:cobblestone":56,"minecraft:oak_planks":10,"minecraft:sugar_cane":4,"minecraft:diorite":43,"minecraft:wall_torch":38,"minecraft:birch_leaves":1,"minecraft:yellow_bed":1,"minecraft:grass":6,"minecraft:coal_ore":186,"minecraft:oak_log":108,"minecraft:gravel":9,"minecraft:dirt":133,"minecraft:cobweb":161,"minecraft:gold_ore":12,"minecraft:oak_leaves":29},"minecraft:killed_by":{"minecraft:creeper":3,"minecraft:iron_golem":2,"minecraft:skeleton":1},"minecraft:crafted":{"minecraft:oak_planks":240,"minecraft:stone_shovel":1,"minecraft:furnace":3,"minecraft:cooked_mutton":4,"minecraft:iron_boots":2,"minecraft:iron_axe":1,"minecraft:stone_pickaxe":4,"minecraft:cooked_beef":3,"minecraft:cooked_porkchop":5,"minecraft:crafting_table":5,"minecraft:wooden_pickaxe":2,"minecraft:iron_helmet":2,"minecraft:iron_sword":1,"minecraft:stone_axe":1,"minecraft:air":0,"minecraft:iron_chestplate":2,"minecraft:diamond_pickaxe":1,"minecraft:shield":2,"minecraft:stick":92,"minecraft:iron_ingot":62,"minecraft:iron_pickaxe":7,"minecraft:wooden_axe":1,"minecraft:stone_sword":1,"minecraft:gold_ingot":12,"minecraft:iron_leggings":3,"minecraft:torch":200},"minecraft:broken":{"minecraft:stone_sword":1,"minecraft:wooden_pickaxe":1,"minecraft:stone_pickaxe":3,"minecraft:iron_pickaxe":2,"minecraft:wooden_axe":1},"minecraft:used":{"minecraft:stone_sword":66,"minecraft:stone_shovel":107,"minecraft:poppy":4,"minecraft:shield":61,"minecraft:iron_sword":106,"minecraft:rotten_flesh":14,"minecraft:torch":256,"minecraft:dirt":17,"minecraft:mutton":1,"minecraft:carrot":1,"minecraft:granite":4,"minecraft:wooden_axe":89,"minecraft:lava_bucket":1,"minecraft:iron_axe":84,"minecraft:furnace":5,"minecraft:oak_sapling":1,"minecraft:cooked_beef":1,"minecraft:potato":18,"minecraft:pumpkin":6,"minecraft:cooked_mutton":4,"minecraft:water_bucket":1,"minecraft:diorite":4,"minecraft:stone_pickaxe":463,"minecraft:oak_planks":36,"minecraft:ender_pearl":1,"minecraft:wooden_pickaxe":69,"minecraft:white_wool":3,"minecraft:crafting_table":9,"minecraft:white_bed":4,"minecraft:oak_log":2,"minecraft:diamond_pickaxe":56,"minecraft:chicken":3,"minecraft:iron_pickaxe":993,"minecraft:gravel":5,"minecraft:stone_axe":34,"minecraft:cobblestone":150,"minecraft:cooked_porkchop":5,"minecraft:bucket":2,"minecraft:andesite":12,"minecraft:yellow_bed":2},"minecraft:dropped":{"minecraft:torch":2,"minecraft:rotten_flesh":3,"minecraft:wooden_pickaxe":1,"minecraft:black_wool":1},"minecraft:picked_up":{"minecraft:wooden_axe":4,"minecraft:crafting_table":3,"minecraft:chicken":3,"minecraft:string":172,"minecraft:iron_axe":2,"minecraft:beef":3,"minecraft:poppy":12,"minecraft:iron_pickaxe":2,"minecraft:minecart":1,"minecraft:sugar_cane":9,"minecraft:chest":2,"minecraft:furnace":2,"minecraft:stick":8,"minecraft:torch":56,"minecraft:porkchop":10,"minecraft:stone_button":1,"minecraft:diorite":42,"minecraft:redstone":5,"minecraft:arrow":23,"minecraft:rotten_flesh":24,"minecraft:mutton":9,"minecraft:rail":1,"minecraft:white_wool":7,"minecraft:cobblestone":952,"minecraft:cooked_beef":3,"minecraft:andesite":22,"minecraft:leather":3,"minecraft:potato":9,"minecraft:oak_log":151,"minecraft:yellow_bed":3,"minecraft:gunpowder":4,"minecraft:dirt":172,"minecraft:bone":16,"minecraft:apple":1,"minecraft:wheat_seeds":3,"minecraft:iron_ingot":70,"minecraft:iron_ore":230,"minecraft:oak_planks":178,"minecraft:pumpkin":6,"minecraft:gravel":5,"minecraft:lava_bucket":1,"minecraft:white_bed":5,"minecraft:gold_ore":12,"minecraft:spider_eye":4,"minecraft:diamond":40,"minecraft:granite":70,"minecraft:emerald":1,"minecraft:oak_sapling":8,"minecraft:black_wool":1,"minecraft:coal":206}},"DataVersion":2586}