{"stats":{"minecraft:killed_by":{"minecraft:creeper":3,"minecraft:iron_golem":2,"minecraft:skeleton":1},"minecraft:killed":{"minecraft:cave_spider":11,"minecraft:spider":4,"minecraft:skeleton":8,"minecraft:chicken":3,"minecraft:pig":4,"minecraft:bat":1,"minecraft:creeper":6,"minecraft:sheep":6,"minecraft:zombie":13,"minecraft:villager":1,"minecraft:cow":2},"minecraft:used":{"minecraft:stone_sword":66,"minecraft:stone_shovel":120,"minecraft:poppy":4,"minecraft:chest":1,"minecraft:shield":65,"minecraft:iron_sword":106,"minecraft:rotten_flesh":16,"minecraft:torch":292,"minecraft:dirt":17,"minecraft:mutton":1,"minecraft:carrot":1,"minecraft:granite":4,"minecraft:wooden_axe":89,"minecraft:lava_bucket":1,"minecraft:iron_axe":90,"minecraft:furnace":5,"minecraft:oak_sapling":1,"minecraft:cooked_beef":1,"minecraft:potato":18,"minecraft:pumpkin":6,"minecraft:cooked_mutton":4,"minecraft:water_bucket":3,"minecraft:diorite":4,"minecraft:stone_pickaxe":463,"minecraft:oak_planks":36,"minecraft:ender_pearl":1,"minecraft:wooden_pickaxe":69,"minecraft:white_wool":3,"minecraft:crafting_table":9,"minecraft:white_bed":4,"minecraft:oak_log":2,"minecraft:diamond_pickaxe":56,"minecraft:chicken":3,"minecraft:iron_pickaxe":1393,"minecraft:gravel":5,"minecraft:stone_axe":34,"minecraft:cobblestone":193,"minecraft:cooked_porkchop":5,"minecraft:bucket":4,"minecraft:andesite":12,"minecraft:yellow_bed":2},"minecraft:crafted":{"minecraft:oak_planks":240,"minecraft:stone_shovel":1,"minecraft:furnace":3,"minecraft:cooked_mutton":4,"minecraft:iron_boots":3,"minecraft:iron_axe":2,"minecraft:stone_pickaxe":4,"minecraft:cooked_beef":3,"minecraft:cooked_porkchop":5,"minecraft:crafting_table":5,"minecraft:wooden_pickaxe":2,"minecraft:iron_helmet":3,"minecraft:iron_sword":1,"minecraft:stone_axe":1,"minecraft:air":0,"minecraft:iron_chestplate":3,"minecraft:diamond_pickaxe":1,"minecraft:shield":2,"minecraft:stick":108,"minecraft:iron_ingot":166,"minecraft:iron_pickaxe":9,"minecraft:wooden_axe":1,"minecraft:stone_sword":1,"minecraft:iron_leggings":5,"minecraft:gold_ingot":14,"minecraft:torch":232},"minecraft:picked_up":{"minecraft:wooden_axe":4,"minecraft:crafting_table":3,"minecraft:chicken":3,"minecraft:string":172,"minecraft:iron_axe":2,"minecraft:beef":3,"minecraft:poppy":12,"minecraft:iron_pickaxe":3,"minecraft:minecart":1,"minecraft:sugar_cane":9,"minecraft:chest":2,"minecraft:furnace":2,"minecraft:stick":8,"minecraft:torch":58,"minecraft:porkchop":10,"minecraft:stone_button":1,"minecraft:diorite":96,"minecraft:redstone":14,"minecraft:arrow":25,"minecraft:rotten_flesh":26,"minecraft:mutton":9,"minecraft:white_wool":7,"minecraft:rail":1,"minecraft:cobblestone":1185,"minecraft:cooked_beef":3,"minecraft:andesite":22,"minecraft:leather":3,"minecraft:potato":9,"minecraft:oak_log":151,"minecraft:yellow_bed":3,"minecraft:gunpowder":4,"minecraft:dirt":172,"minecraft:bone":17,"minecraft:apple":1,"minecraft:wheat_seeds":3,"minecraft:iron_ingot":70,"minecraft:iron_ore":302,"minecraft:oak_planks":178,"minecraft:pumpkin":6,"minecraft:gravel":26,"minecraft:lava_bucket":1,"minecraft:white_bed":5,"minecraft:gold_ore":22,"minecraft:spider_eye":4,"minecraft:diamond":42,"minecraft:granite":74,"minecraft:emerald":1,"minecraft:oak_sapling":8,"minecraft:black_wool":1,"minecraft:coal":226},"minecraft:custom":{"minecraft:mob_kills":61,"minecraft:interact_with_crafting_table":51,"minecraft:bell_ring":12,"minecraft:leave_game":6,"minecraft:time_since_death":122926,"minecraft:climb_one_cm":2841,"minecraft:sprint_one_cm":521075,"minecraft:walk_one_cm":584651,"minecraft:damage_blocked_by_shield":1100,"minecraft:drop":7,"minecraft:talked_to_villager":5,"minecraft:deaths":10,"minecraft:sneak_time":3397,"minecraft:walk_under_water_one_cm":20755,"minecraft:jump":2607,"minecraft:interact_with_blast_furnace":3,"minecraft:walk_on_water_one_cm":35351,"minecraft:interact_with_furnace":61,"minecraft:play_one_minute":236140,"minecraft:sleep_in_bed":1,"minecraft:time_since_rest":122951,"minecraft:damage_taken":3877,"minecraft:damage_dealt":10117,"minecraft:fly_one_cm":226245,"minecraft:swim_one_cm":37868,"minecraft:open_chest":19,"minecraft:crouch_one_cm":5992,"minecraft:fall_one_cm":52886},"minecraft:broken":{"minecraft:stone_sword":1,"minecraft:wooden_pickaxe":1,"minecraft:stone_pickaxe":3,"minecraft:iron_pickaxe":4,"minecraft:wooden_axe":1},"minecraft:mined":{"minecraft:diamond_ore":10,"minecraft:white_bed":4,"minecraft:granite":73,"minecraft:grass_block":4,"minecraft:redstone_ore":5,"minecraft:furnace":2,"minecraft:iron_ore":310,"minecraft:andesite":22,"minecraft:pumpkin":6,"minecraft:potatoes":2,"minecraft:rail":1,"minecraft:stone":1133,"minecraft:white_wool":1,"minecraft:crafting_table":3,"minecraft:torch":3,"minecraft:emerald_ore":1,"minecraft:chest":1,"minecraft:tall_grass":1,"minecraft:cobblestone":58,"minecraft:sugar_cane":4,"minecraft:oak_planks":10,"minecraft:diorite":96,"minecraft:wall_torch":39,"minecraft:birch_leaves":1,"minecraft:yellow_bed":1,"minecraft:grass":6,"minecraft:oak_log":108,"minecraft:coal_ore":206,"minecraft:gravel":23,"minecraft:dirt":133,"minecraft:cobweb":161,"minecraft:gold_ore":22,"minecraft:oak_leaves":29},"minecraft:dropped":{"minecraft:torch":2,"minecraft:iron_pickaxe":1,"minecraft:rotten_flesh":3,"minecraft:wooden_pickaxe":1,"minecraft:black_wool":1}},"DataVersion":2586}