{"stats":{"minecraft:picked_up":{"minecraft:crafting_table":2,"minecraft:chicken":3,"minecraft:oak_log":35,"minecraft:gunpowder":4,"minecraft:dirt":6,"minecraft:string":170,"minecraft:bone":9,"minecraft:iron_ore":164,"minecraft:minecart":1,"minecraft:sugar_cane":9,"minecraft:chest":1,"minecraft:oak_planks":6,"minecraft:furnace":1,"minecraft:pumpkin":6,"minecraft:torch":6,"minecraft:gravel":5,"minecraft:porkchop":5,"minecraft:diorite":4,"minecraft:spider_eye":2,"minecraft:arrow":7,"minecraft:rotten_flesh":6,"minecraft:emerald":1,"minecraft:mutton":9,"minecraft:black_wool":1,"minecraft:coal":149,"minecraft:rail":1,"minecraft:white_wool":7,"minecraft:cobblestone":105},"minecraft:killed":{"minecraft:cave_spider":11,"minecraft:pig":3,"minecraft:spider":3,"minecraft:bat":1,"minecraft:creeper":6,"minecraft:sheep":6,"minecraft:skeleton":7,"minecraft:zombie":4,"minecraft:chicken":3},"minecraft:custom":{"minecraft:interact_with_furnace":30,"minecraft:mob_kills":45,"minecraft:interact_with_crafting_table":22,"minecraft:play_one_minute":71488,"minecraft:time_since_death":1043,"minecraft:time_since_rest":1066,"minecraft:sprint_one_cm":206886,"minecraft:damage_taken":908,"minecraft:walk_one_cm":278127,"minecraft:damage_blocked_by_shield":970,"minecraft:drop":3,"minecraft:damage_dealt":6467,"minecraft:swim_one_cm":2877,"minecraft:fly_one_cm":53626,"minecraft:crouch_one_cm":5131,"minecraft:deaths":1,"minecraft:sneak_time":2353,"minecraft:walk_under_water_one_cm":7333,"minecraft:jump":1064,"minecraft:walk_on_water_one_cm":23265,"minecraft:fall_one_cm":18117},"minecraft:used":{"minecraft:cooked_mutton":4,"minecraft:diorite":4,"minecraft:stone_sword":66,"minecraft:stone_pickaxe":197,"minecraft:oak_planks":31,"minecraft:wooden_pickaxe":3,"minecraft:shield":61,"minecraft:iron_sword":106,"minecraft:rotten_flesh":6,"minecraft:white_wool":3,"minecraft:torch":188,"minecraft:dirt":6,"minecraft:mutton":1,"minecraft:crafting_table":5,"minecraft:chicken":3,"minecraft:iron_axe":60,"minecraft:iron_pickaxe":216,"minecraft:gravel":5,"minecraft:stone_axe":34,"minecraft:cobblestone":38,"minecraft:furnace":3,"minecraft:cooked_porkchop":5,"minecraft:pumpkin":6},"minecraft:mined":{"minecraft:crafting_table":2,"minecraft:emerald_ore":1,"minecraft:grass_block":2,"minecraft:sugar_cane":4,"minecraft:oak_planks":6,"minecraft:diorite":5,"minecraft:wall_torch":5,"minecraft:furnace":1,"minecraft:iron_ore":172,"minecraft:birch_leaves":1,"minecraft:pumpkin":6,"minecraft:oak_log":30,"minecraft:coal_ore":126,"minecraft:rail":1,"minecraft:gravel":6,"minecraft:dirt":4,"minecraft:cobweb":161,"minecraft:stone":103,"minecraft:white_wool":1},"minecraft:crafted":{"minecraft:oak_planks":120,"minecraft:cooked_porkchop":5,"minecraft:crafting_table":3,"minecraft:wooden_pickaxe":1,"minecraft:iron_helmet":1,"minecraft:iron_sword":1,"minecraft:furnace":2,"minecraft:stone_axe":1,"minecraft:cooked_mutton":4,"minecraft:air":0,"minecraft:iron_boots":1,"minecraft:iron_chestplate":1,"minecraft:shield":1,"minecraft:iron_axe":1,"minecraft:stick":52,"minecraft:iron_ingot":36,"minecraft:iron_pickaxe":1,"minecraft:stone_pickaxe":2,"minecraft:stone_sword":1,"minecraft:iron_leggings":2,"minecraft:torch":152},"minecraft:dropped":{"minecraft:torch":2,"minecraft:wooden_pickaxe":1,"minecraft:black_wool":1},"minecraft:broken":{"minecraft:stone_pickaxe":1,"minecraft:stone_sword":1}},"DataVersion":2586}