{"stats":{"minecraft:killed":{"minecraft:cave_spider":11,"minecraft:pig":4,"minecraft:spider":4,"minecraft:bat":1,"minecraft:creeper":6,"minecraft:sheep":6,"minecraft:skeleton":7,"minecraft:zombie":12,"minecraft:chicken":3,"minecraft:villager":1,"minecraft:cow":2},"minecraft:mined":{"minecraft:white_bed":4,"minecraft:crafting_table":2,"minecraft:emerald_ore":1,"minecraft:grass_block":4,"minecraft:chest":1,"minecraft:tall_grass":1,"minecraft:cobblestone":6,"minecraft:sugar_cane":4,"minecraft:oak_planks":10,"minecraft:diorite":5,"minecraft:wall_torch":15,"minecraft:furnace":1,"minecraft:iron_ore":180,"minecraft:birch_leaves":1,"minecraft:andesite":4,"minecraft:pumpkin":6,"minecraft:yellow_bed":1,"minecraft:grass":5,"minecraft:potatoes":2,"minecraft:oak_log":108,"minecraft:coal_ore":140,"minecraft:rail":1,"minecraft:gravel":6,"minecraft:dirt":10,"minecraft:cobweb":161,"minecraft:stone":158,"minecraft:white_wool":1,"minecraft:oak_leaves":29},"minecraft:custom":{"minecraft:interact_with_furnace":34,"minecraft:mob_kills":59,"minecraft:interact_with_crafting_table":29,"minecraft:play_one_minute":125371,"minecraft:bell_ring":12,"minecraft:leave_game":4,"minecraft:time_since_death":12157,"minecraft:sleep_in_bed":1,"minecraft:climb_one_cm":2841,"minecraft:time_since_rest":12182,"minecraft:sprint_one_cm":421307,"minecraft:damage_taken":3760,"minecraft:walk_one_cm":422782,"minecraft:damage_blocked_by_shield":970,"minecraft:drop":6,"minecraft:damage_dealt":9231,"minecraft:swim_one_cm":37868,"minecraft:talked_to_villager":5,"minecraft:fly_one_cm":213419,"minecraft:open_chest":13,"minecraft:crouch_one_cm":5254,"minecraft:deaths":10,"minecraft:sneak_time":3132,"minecraft:walk_under_water_one_cm":19794,"minecraft:jump":2190,"minecraft:interact_with_blast_furnace":3,"minecraft:walk_on_water_one_cm":30854,"minecraft:fall_one_cm":50262},"minecraft:killed_by":{"minecraft:skeleton":1,"minecraft:creeper":3,"minecraft:iron_golem":2},"minecraft:crafted":{"minecraft:cooked_beef":3,"minecraft:oak_planks":240,"minecraft:cooked_porkchop":5,"minecraft:crafting_table":4,"minecraft:wooden_pickaxe":2,"minecraft:iron_helmet":2,"minecraft:iron_sword":1,"minecraft:furnace":2,"minecraft:stone_axe":1,"minecraft:cooked_mutton":4,"minecraft:air":0,"minecraft:iron_boots":2,"minecraft:iron_chestplate":2,"minecraft:diamond_pickaxe":1,"minecraft:shield":2,"minecraft:iron_axe":1,"minecraft:stick":68,"minecraft:iron_ingot":36,"minecraft:iron_pickaxe":3,"minecraft:stone_pickaxe":2,"minecraft:wooden_axe":1,"minecraft:stone_sword":1,"minecraft:iron_leggings":3,"minecraft:torch":152},"minecraft:broken":{"minecraft:stone_pickaxe":1,"minecraft:stone_sword":1,"minecraft:wooden_axe":1},"minecraft:used":{"minecraft:cooked_mutton":4,"minecraft:water_bucket":1,"minecraft:diorite":4,"minecraft:stone_sword":66,"minecraft:stone_pickaxe":197,"minecraft:poppy":4,"minecraft:oak_planks":33,"minecraft:ender_pearl":1,"minecraft:wooden_pickaxe":12,"minecraft:shield":61,"minecraft:iron_sword":106,"minecraft:rotten_flesh":14,"minecraft:white_wool":3,"minecraft:torch":192,"minecraft:dirt":9,"minecraft:mutton":1,"minecraft:crafting_table":7,"minecraft:white_bed":4,"minecraft:oak_log":2,"minecraft:wooden_axe":89,"minecraft:diamond_pickaxe":56,"minecraft:lava_bucket":1,"minecraft:chicken":3,"minecraft:iron_axe":84,"minecraft:iron_pickaxe":242,"minecraft:gravel":5,"minecraft:stone_axe":34,"minecraft:cobblestone":40,"minecraft:oak_sapling":1,"minecraft:furnace":3,"minecraft:cooked_porkchop":5,"minecraft:bucket":2,"minecraft:yellow_bed":2,"minecraft:cooked_beef":1,"minecraft:pumpkin":6},"minecraft:dropped":{"minecraft:rotten_flesh":3,"minecraft:torch":2,"minecraft:wooden_pickaxe":1,"minecraft:black_wool":1},"minecraft:picked_up":{"minecraft:wooden_axe":4,"minecraft:crafting_table":2,"minecraft:cooked_beef":3,"minecraft:chicken":3,"minecraft:andesite":4,"minecraft:leather":3,"minecraft:potato":9,"minecraft:oak_log":151,"minecraft:yellow_bed":3,"minecraft:gunpowder":4,"minecraft:dirt":49,"minecraft:string":172,"minecraft:iron_axe":2,"minecraft:bone":16,"minecraft:apple":1,"minecraft:wheat_seeds":3,"minecraft:iron_ingot":70,"minecraft:beef":3,"minecraft:iron_pickaxe":2,"minecraft:iron_ore":172,"minecraft:poppy":12,"minecraft:minecart":1,"minecraft:sugar_cane":9,"minecraft:chest":2,"minecraft:oak_planks":178,"minecraft:furnace":1,"minecraft:stick":8,"minecraft:pumpkin":6,"minecraft:torch":30,"minecraft:gravel":5,"minecraft:lava_bucket":1,"minecraft:porkchop":10,"minecraft:stone_button":1,"minecraft:diorite":4,"minecraft:white_bed":5,"minecraft:spider_eye":4,"minecraft:arrow":23,"minecraft:rotten_flesh":24,"minecraft:diamond":32,"minecraft:emerald":1,"minecraft:oak_sapling":8,"minecraft:black_wool":1,"minecraft:mutton":9,"minecraft:coal":162,"minecraft:white_wool":7,"minecraft:rail":1,"minecraft:cobblestone":169}},"DataVersion":2586}