{"stats":{"minecraft:killed":{"minecraft:spider":2,"minecraft:skeleton":5,"minecraft:bat":1,"minecraft:creeper":1,"minecraft:zombie":14},"minecraft:custom":{"minecraft:mob_kills":23,"minecraft:interact_with_crafting_table":85,"minecraft:leave_game":4,"minecraft:time_since_death":164029,"minecraft:climb_one_cm":3489,"minecraft:sprint_one_cm":120703,"minecraft:walk_one_cm":804837,"minecraft:damage_blocked_by_shield":370,"minecraft:drop":114,"minecraft:talked_to_villager":86,"minecraft:deaths":1,"minecraft:sneak_time":3988,"minecraft:walk_under_water_one_cm":5118,"minecraft:jump":1384,"minecraft:interact_with_brewingstand":2,"minecraft:interact_with_blast_furnace":53,"minecraft:walk_on_water_one_cm":21602,"minecraft:interact_with_furnace":84,"minecraft:traded_with_villager":4,"minecraft:play_one_minute":182034,"minecraft:sleep_in_bed":3,"minecraft:time_since_rest":59909,"minecraft:damage_taken":1439,"minecraft:damage_dealt":4461,"minecraft:swim_one_cm":1728,"minecraft:fly_one_cm":131760,"minecraft:open_chest":78,"minecraft:crouch_one_cm":17882,"minecraft:fall_one_cm":21072},"minecraft:mined":{"minecraft:white_bed":6,"minecraft:farmland":4,"minecraft:mossy_cobblestone":1,"minecraft:oak_door":1,"minecraft:lever":1,"minecraft:granite":4,"minecraft:grass_block":8,"minecraft:oak_pressure_plate":1,"minecraft:spruce_leaves":1,"minecraft:redstone_ore":6,"minecraft:furnace":7,"minecraft:iron_ore":93,"minecraft:fire":1,"minecraft:andesite":15,"minecraft:potatoes":4,"minecraft:rail":1,"minecraft:oak_stairs":1,"minecraft:stone":277,"minecraft:glass_pane":2,"minecraft:dandelion":2,"minecraft:oak_fence":1,"minecraft:crafting_table":10,"minecraft:blast_furnace":3,"minecraft:tall_grass":11,"minecraft:cobblestone":59,"minecraft:lapis_ore":2,"minecraft:oak_planks":5,"minecraft:diorite":23,"minecraft:wall_torch":5,"minecraft:seagrass":6,"minecraft:grass_path":1,"minecraft:grass":142,"minecraft:oak_log":36,"minecraft:coal_ore":106,"minecraft:sand":50,"minecraft:gravel":9,"minecraft:dirt":55,"minecraft:cobweb":55,"minecraft:gold_ore":2,"minecraft:oak_leaves":22},"minecraft:killed_by":{"minecraft:zombie":1},"minecraft:crafted":{"minecraft:wooden_sword":1,"minecraft:oak_planks":68,"minecraft:smooth_stone":6,"minecraft:furnace":4,"minecraft:stone_button":3,"minecraft:blast_furnace":3,"minecraft:stone":14,"minecraft:glass_pane":16,"minecraft:flint_and_steel":1,"minecraft:glass":50,"minecraft:iron_boots":2,"minecraft:iron_axe":1,"minecraft:iron_hoe":1,"minecraft:chest":2,"minecraft:iron_door":3,"minecraft:emerald":4,"minecraft:crafting_table":3,"minecraft:wooden_pickaxe":1,"minecraft:baked_potato":4,"minecraft:iron_helmet":2,"minecraft:iron_sword":2,"minecraft:bucket":6,"minecraft:white_wool":14,"minecraft:iron_chestplate":1,"minecraft:shield":2,"minecraft:stick":32,"minecraft:iron_ingot":80,"minecraft:iron_pickaxe":3,"minecraft:wooden_axe":1,"minecraft:iron_shovel":1,"minecraft:iron_leggings":1,"minecraft:white_bed":3,"minecraft:torch":68},"minecraft:broken":{"minecraft:stone_pickaxe":1,"minecraft:iron_pickaxe":2},"minecraft:used":{"minecraft:iron_shovel":70,"minecraft:flint_and_steel":1,"minecraft:chest":2,"minecraft:shield":8,"minecraft:iron_sword":258,"minecraft:rotten_flesh":3,"minecraft:torch":39,"minecraft:dirt":11,"minecraft:carrot":1,"minecraft:iron_hoe":21,"minecraft:wooden_axe":24,"minecraft:lava_bucket":1,"minecraft:furnace":9,"minecraft:oak_sapling":6,"minecraft:potato":19,"minecraft:wheat_seeds":10,"minecraft:cooked_mutton":1,"minecraft:water_bucket":5,"minecraft:diorite":1,"minecraft:stone_pickaxe":132,"minecraft:baked_potato":3,"minecraft:oak_planks":11,"minecraft:wooden_pickaxe":6,"minecraft:crafting_table":8,"minecraft:blast_furnace":6,"minecraft:white_bed":7,"minecraft:oak_log":4,"minecraft:apple":5,"minecraft:bread":10,"minecraft:stone_button":3,"minecraft:iron_pickaxe":505,"minecraft:iron_door":2,"minecraft:stone_axe":50,"minecraft:wooden_sword":34,"minecraft:cobblestone":244,"minecraft:cooked_porkchop":2,"minecraft:bucket":12,"minecraft:glass_pane":2},"minecraft:dropped":{"minecraft:iron_ingot":7,"minecraft:bread":5,"minecraft:iron_sword":2,"minecraft:wheat_seeds":3,"minecraft:iron_helmet":1,"minecraft:apple":4,"minecraft:granite":1,"minecraft:coal":17,"minecraft:oxeye_daisy":1,"minecraft:lava_bucket":5,"minecraft:dirt":45,"minecraft:diorite":6,"minecraft:torch":30,"minecraft:iron_leggings":1,"minecraft:wooden_sword":1,"minecraft:dandelion":13,"minecraft:redstone":2,"minecraft:bone":7,"minecraft:rotten_flesh":16,"minecraft:oak_planks":38,"minecraft:iron_boots":3,"minecraft:flint_and_steel":1,"minecraft:potato":4,"minecraft:shield":1,"minecraft:oak_sapling":2,"minecraft:spider_eye":2,"minecraft:glass":5,"minecraft:wooden_pickaxe":1,"minecraft:stone_pickaxe":1},"minecraft:picked_up":{"minecraft:wooden_axe":1,"minecraft:crafting_table":9,"minecraft:wooden_pickaxe":1,"minecraft:oak_stairs":1,"minecraft:string":58,"minecraft:wooden_sword":2,"minecraft:flint_and_steel":1,"minecraft:iron_leggings":1,"minecraft:smooth_stone":3,"minecraft:iron_pickaxe":1,"minecraft:furnace":8,"minecraft:iron_boots":2,"minecraft:stick":7,"minecraft:oak_door":1,"minecraft:oak_fence":1,"minecraft:torch":5,"minecraft:diorite":23,"minecraft:carrot":2,"minecraft:redstone":38,"minecraft:arrow":7,"minecraft:rotten_flesh":22,"minecraft:rail":1,"minecraft:cobblestone":346,"minecraft:oxeye_daisy":1,"minecraft:andesite":16,"minecraft:potato":4,"minecraft:flint":1,"minecraft:oak_log":35,"minecraft:gunpowder":2,"minecraft:dirt":114,"minecraft:lapis_lazuli":15,"minecraft:cooked_mutton":1,"minecraft:glass":5,"minecraft:bone":17,"minecraft:apple":6,"minecraft:wheat_seeds":20,"minecraft:stone_pickaxe":3,"minecraft:iron_ingot":1,"minecraft:iron_ore":155,"minecraft:oak_planks":66,"minecraft:iron_sword":2,"minecraft:cooked_porkchop":7,"minecraft:oak_pressure_plate":1,"minecraft:dandelion":15,"minecraft:lava_bucket":4,"minecraft:gravel":7,"minecraft:sand":50,"minecraft:blast_furnace":3,"minecraft:white_bed":6,"minecraft:gold_ore":2,"minecraft:spider_eye":2,"minecraft:mossy_cobblestone":1,"minecraft:stone_axe":2,"minecraft:granite":1,"minecraft:bread":15,"minecraft:oak_sapling":11,"minecraft:coal":317}},"DataVersion":2586}