{"stats":{"minecraft:killed_by":{"minecraft:ghast":1,"minecraft:iron_golem":2,"minecraft:zombie":1},"minecraft:killed":{"minecraft:spider":6,"minecraft:skeleton":9,"minecraft:piglin":1,"minecraft:pig":1,"minecraft:zombie_villager":1,"minecraft:bat":1,"minecraft:creeper":2,"minecraft:zombie":21},"minecraft:used":{"minecraft:iron_shovel":72,"minecraft:flint_and_steel":2,"minecraft:chest":6,"minecraft:shield":15,"minecraft:stone":2,"minecraft:iron_sword":442,"minecraft:rotten_flesh":14,"minecraft:netherrack":18,"minecraft:torch":43,"minecraft:dirt":106,"minecraft:carrot":2,"minecraft:iron_hoe":21,"minecraft:wooden_axe":24,"minecraft:lava_bucket":16,"minecraft:grass_block":1,"minecraft:iron_axe":251,"minecraft:oak_stairs":143,"minecraft:bow":1,"minecraft:oak_sapling":23,"minecraft:furnace":15,"minecraft:potato":20,"minecraft:wheat_seeds":16,"minecraft:cooked_mutton":1,"minecraft:water_bucket":18,"minecraft:diorite":1,"minecraft:birch_planks":5,"minecraft:birch_leaves":1,"minecraft:stone_pickaxe":132,"minecraft:baked_potato":12,"minecraft:oak_planks":62,"minecraft:ender_pearl":1,"minecraft:wooden_pickaxe":6,"minecraft:mossy_cobblestone":2,"minecraft:oak_slab":3,"minecraft:crafting_table":9,"minecraft:blast_furnace":10,"minecraft:white_bed":7,"minecraft:oak_log":4,"minecraft:apple":5,"minecraft:bread":10,"minecraft:iron_pickaxe":798,"minecraft:stone_button":3,"minecraft:iron_door":3,"minecraft:stone_axe":69,"minecraft:wooden_sword":34,"minecraft:cobblestone":320,"minecraft:potion":1,"minecraft:cooked_porkchop":7,"minecraft:andesite":1,"minecraft:bucket":32,"minecraft:glass_pane":2},"minecraft:crafted":{"minecraft:wooden_sword":1,"minecraft:smooth_stone":6,"minecraft:oak_planks":387,"minecraft:furnace":5,"minecraft:stone_button":3,"minecraft:blast_furnace":3,"minecraft:stone":14,"minecraft:glass_pane":16,"minecraft:flint_and_steel":1,"minecraft:glass":50,"minecraft:iron_boots":2,"minecraft:iron_axe":1,"minecraft:iron_hoe":1,"minecraft:chest":4,"minecraft:iron_door":3,"minecraft:emerald":4,"minecraft:crafting_table":3,"minecraft:iron_helmet":2,"minecraft:wooden_pickaxe":1,"minecraft:baked_potato":11,"minecraft:iron_sword":2,"minecraft:bucket":6,"minecraft:white_wool":14,"minecraft:iron_chestplate":1,"minecraft:shield":2,"minecraft:stick":32,"minecraft:oak_stairs":72,"minecraft:iron_ingot":80,"minecraft:iron_pickaxe":4,"minecraft:wooden_axe":1,"minecraft:iron_shovel":1,"minecraft:iron_leggings":1,"minecraft:white_bed":3,"minecraft:torch":68},"minecraft:picked_up":{"minecraft:wooden_axe":1,"minecraft:iron_chestplate":3,"minecraft:crafting_table":9,"minecraft:wooden_pickaxe":1,"minecraft:oak_stairs":71,"minecraft:potion":2,"minecraft:string":64,"minecraft:wooden_sword":2,"minecraft:flint_and_steel":2,"minecraft:iron_leggings":4,"minecraft:gold_nugget":22,"minecraft:smooth_stone":3,"minecraft:bucket":2,"minecraft:iron_pickaxe":2,"minecraft:sugar_cane":3,"minecraft:chest":2,"minecraft:furnace":13,"minecraft:iron_boots":5,"minecraft:stick":25,"minecraft:oak_door":1,"minecraft:oak_fence":4,"minecraft:torch":14,"minecraft:diorite":23,"minecraft:carrot":3,"minecraft:redstone":38,"minecraft:arrow":18,"minecraft:rotten_flesh":58,"minecraft:rail":1,"minecraft:cobblestone":434,"minecraft:oxeye_daisy":1,"minecraft:birch_leaves":1,"minecraft:iron_door":1,"minecraft:water_bucket":1,"minecraft:andesite":20,"minecraft:potato":23,"minecraft:birch_planks":7,"minecraft:flint":1,"minecraft:oak_log":132,"minecraft:gunpowder":3,"minecraft:lapis_lazuli":15,"minecraft:dirt":214,"minecraft:cooked_mutton":1,"minecraft:glass":5,"minecraft:bone":32,"minecraft:apple":6,"minecraft:bow":1,"minecraft:wheat_seeds":49,"minecraft:stone_pickaxe":3,"minecraft:iron_ingot":10,"minecraft:iron_ore":156,"minecraft:glowstone_dust":16,"minecraft:iron_sword":8,"minecraft:oak_planks":167,"minecraft:oak_slab":8,"minecraft:cooked_porkchop":9,"minecraft:quartz":11,"minecraft:dandelion":17,"minecraft:oak_pressure_plate":1,"minecraft:gravel":9,"minecraft:lava_bucket":4,"minecraft:sand":50,"minecraft:ink_sac":2,"minecraft:blast_furnace":7,"minecraft:white_bed":6,"minecraft:grass_block":1,"minecraft:gold_ore":2,"minecraft:spider_eye":4,"minecraft:mossy_cobblestone":2,"minecraft:stone_axe":2,"minecraft:lever":1,"minecraft:iron_helmet":3,"minecraft:granite":1,"minecraft:bread":15,"minecraft:baked_potato":20,"minecraft:oak_sapling":26,"minecraft:netherrack":130,"minecraft:coal":351,"minecraft:ender_pearl":1},"minecraft:custom":{"minecraft:mob_kills":42,"minecraft:interact_with_crafting_table":106,"minecraft:leave_game":8,"minecraft:time_since_death":86122,"minecraft:climb_one_cm":4217,"minecraft:sprint_one_cm":307486,"minecraft:damage_blocked_by_shield":860,"minecraft:walk_one_cm":2369992,"minecraft:drop":149,"minecraft:talked_to_villager":105,"minecraft:deaths":5,"minecraft:sneak_time":10918,"minecraft:walk_under_water_one_cm":14528,"minecraft:jump":3903,"minecraft:interact_with_brewingstand":2,"minecraft:interact_with_blast_furnace":56,"minecraft:walk_on_water_one_cm":29458,"minecraft:interact_with_furnace":118,"minecraft:traded_with_villager":4,"minecraft:play_one_minute":457490,"minecraft:sleep_in_bed":6,"minecraft:time_since_rest":53231,"minecraft:damage_taken":3558,"minecraft:damage_dealt":8281,"minecraft:swim_one_cm":20189,"minecraft:fly_one_cm":313750,"minecraft:open_chest":138,"minecraft:crouch_one_cm":47033,"minecraft:fall_one_cm":65984},"minecraft:broken":{"minecraft:stone_pickaxe":1,"minecraft:iron_axe":1,"minecraft:iron_pickaxe":3},"minecraft:mined":{"minecraft:nether_gold_ore":5,"minecraft:white_bed":6,"minecraft:farmland":4,"minecraft:mossy_cobblestone":2,"minecraft:oak_door":1,"minecraft:lever":2,"minecraft:granite":4,"minecraft:grass_block":17,"minecraft:oak_pressure_plate":1,"minecraft:spruce_leaves":1,"minecraft:redstone_ore":6,"minecraft:glowstone":6,"minecraft:furnace":12,"minecraft:iron_ore":93,"minecraft:fire":5,"minecraft:andesite":18,"minecraft:potatoes":9,"minecraft:rail":1,"minecraft:oak_stairs":60,"minecraft:stone":295,"minecraft:oak_slab":7,"minecraft:glass_pane":15,"minecraft:dandelion":3,"minecraft:oak_fence":4,"minecraft:crafting_table":11,"minecraft:blast_furnace":7,"minecraft:chest":2,"minecraft:nether_quartz_ore":11,"minecraft:tall_grass":24,"minecraft:cobblestone":128,"minecraft:lapis_ore":2,"minecraft:oak_planks":81,"minecraft:diorite":23,"minecraft:wall_torch":11,"minecraft:seagrass":6,"minecraft:grass_path":7,"minecraft:grass":378,"minecraft:oak_log":129,"minecraft:coal_ore":106,"minecraft:gravel":11,"minecraft:sand":50,"minecraft:dirt":86,"minecraft:cobweb":55,"minecraft:netherrack":123,"minecraft:gold_ore":2,"minecraft:oak_leaves":50},"minecraft:dropped":{"minecraft:iron_ingot":7,"minecraft:bread":5,"minecraft:iron_sword":4,"minecraft:oak_slab":1,"minecraft:wheat_seeds":3,"minecraft:baked_potato":13,"minecraft:cooked_porkchop":2,"minecraft:iron_helmet":1,"minecraft:apple":4,"minecraft:granite":1,"minecraft:coal":17,"minecraft:oxeye_daisy":1,"minecraft:lava_bucket":5,"minecraft:dirt":45,"minecraft:diorite":6,"minecraft:torch":30,"minecraft:iron_leggings":1,"minecraft:wooden_sword":1,"minecraft:dandelion":14,"minecraft:redstone":2,"minecraft:bone":14,"minecraft:rotten_flesh":22,"minecraft:oak_planks":86,"minecraft:iron_boots":3,"minecraft:flint_and_steel":1,"minecraft:potato":4,"minecraft:shield":1,"minecraft:oak_sapling":2,"minecraft:spider_eye":4,"minecraft:wooden_pickaxe":1,"minecraft:stone_pickaxe":1,"minecraft:glass":5}},"DataVersion":2586}