{"stats":{"minecraft:killed":{"minecraft:spider":2,"minecraft:skeleton":5,"minecraft:bat":1,"minecraft:creeper":1,"minecraft:zombie":14},"minecraft:custom":{"minecraft:mob_kills":23,"minecraft:interact_with_crafting_table":80,"minecraft:leave_game":4,"minecraft:time_since_death":152029,"minecraft:climb_one_cm":3489,"minecraft:sprint_one_cm":117319,"minecraft:walk_one_cm":719550,"minecraft:damage_blocked_by_shield":370,"minecraft:drop":112,"minecraft:talked_to_villager":85,"minecraft:deaths":1,"minecraft:sneak_time":3673,"minecraft:walk_under_water_one_cm":5118,"minecraft:jump":1341,"minecraft:interact_with_brewingstand":2,"minecraft:interact_with_blast_furnace":53,"minecraft:walk_on_water_one_cm":21307,"minecraft:interact_with_furnace":81,"minecraft:traded_with_villager":4,"minecraft:play_one_minute":170034,"minecraft:sleep_in_bed":3,"minecraft:time_since_rest":47909,"minecraft:damage_taken":1439,"minecraft:damage_dealt":4281,"minecraft:swim_one_cm":1728,"minecraft:fly_one_cm":129711,"minecraft:open_chest":61,"minecraft:crouch_one_cm":15514,"minecraft:fall_one_cm":20385},"minecraft:mined":{"minecraft:white_bed":6,"minecraft:farmland":4,"minecraft:mossy_cobblestone":1,"minecraft:granite":4,"minecraft:grass_block":8,"minecraft:spruce_leaves":1,"minecraft:redstone_ore":6,"minecraft:furnace":7,"minecraft:iron_ore":93,"minecraft:fire":1,"minecraft:andesite":12,"minecraft:potatoes":4,"minecraft:rail":1,"minecraft:oak_stairs":1,"minecraft:stone":277,"minecraft:glass_pane":1,"minecraft:dandelion":2,"minecraft:crafting_table":10,"minecraft:blast_furnace":3,"minecraft:tall_grass":11,"minecraft:cobblestone":59,"minecraft:lapis_ore":2,"minecraft:diorite":23,"minecraft:wall_torch":5,"minecraft:seagrass":6,"minecraft:grass_path":1,"minecraft:grass":140,"minecraft:oak_log":36,"minecraft:coal_ore":106,"minecraft:sand":50,"minecraft:gravel":9,"minecraft:dirt":54,"minecraft:cobweb":55,"minecraft:gold_ore":2,"minecraft:oak_leaves":13},"minecraft:killed_by":{"minecraft:zombie":1},"minecraft:crafted":{"minecraft:wooden_sword":1,"minecraft:oak_planks":32,"minecraft:smooth_stone":6,"minecraft:furnace":4,"minecraft:blast_furnace":3,"minecraft:stone":14,"minecraft:glass_pane":16,"minecraft:flint_and_steel":1,"minecraft:glass":6,"minecraft:iron_boots":2,"minecraft:iron_hoe":1,"minecraft:chest":2,"minecraft:emerald":4,"minecraft:crafting_table":3,"minecraft:wooden_pickaxe":1,"minecraft:baked_potato":4,"minecraft:iron_helmet":2,"minecraft:iron_sword":2,"minecraft:bucket":5,"minecraft:white_wool":14,"minecraft:iron_chestplate":1,"minecraft:shield":2,"minecraft:stick":32,"minecraft:iron_ingot":80,"minecraft:iron_pickaxe":2,"minecraft:wooden_axe":1,"minecraft:iron_shovel":1,"minecraft:iron_leggings":1,"minecraft:white_bed":3,"minecraft:torch":68},"minecraft:broken":{"minecraft:stone_pickaxe":1,"minecraft:iron_pickaxe":1},"minecraft:used":{"minecraft:iron_shovel":70,"minecraft:flint_and_steel":1,"minecraft:chest":2,"minecraft:shield":8,"minecraft:iron_sword":255,"minecraft:rotten_flesh":3,"minecraft:torch":39,"minecraft:dirt":11,"minecraft:carrot":1,"minecraft:iron_hoe":21,"minecraft:wooden_axe":24,"minecraft:lava_bucket":1,"minecraft:furnace":8,"minecraft:oak_sapling":6,"minecraft:potato":19,"minecraft:wheat_seeds":10,"minecraft:cooked_mutton":1,"minecraft:water_bucket":5,"minecraft:diorite":1,"minecraft:stone_pickaxe":132,"minecraft:baked_potato":3,"minecraft:oak_planks":6,"minecraft:wooden_pickaxe":6,"minecraft:crafting_table":8,"minecraft:blast_furnace":6,"minecraft:white_bed":7,"minecraft:oak_log":4,"minecraft:apple":5,"minecraft:bread":10,"minecraft:iron_pickaxe":502,"minecraft:stone_axe":33,"minecraft:wooden_sword":34,"minecraft:cobblestone":240,"minecraft:cooked_porkchop":1,"minecraft:bucket":11,"minecraft:glass_pane":2},"minecraft:dropped":{"minecraft:iron_ingot":7,"minecraft:bread":5,"minecraft:iron_sword":2,"minecraft:wheat_seeds":3,"minecraft:iron_helmet":1,"minecraft:apple":4,"minecraft:granite":1,"minecraft:coal":17,"minecraft:oxeye_daisy":1,"minecraft:lava_bucket":5,"minecraft:dirt":45,"minecraft:diorite":6,"minecraft:torch":30,"minecraft:iron_leggings":1,"minecraft:wooden_sword":1,"minecraft:dandelion":13,"minecraft:redstone":2,"minecraft:bone":7,"minecraft:rotten_flesh":16,"minecraft:oak_planks":2,"minecraft:iron_boots":3,"minecraft:flint_and_steel":1,"minecraft:potato":4,"minecraft:shield":1,"minecraft:oak_sapling":2,"minecraft:spider_eye":2,"minecraft:wooden_pickaxe":1,"minecraft:stone_pickaxe":1},"minecraft:picked_up":{"minecraft:wooden_axe":1,"minecraft:crafting_table":9,"minecraft:wooden_pickaxe":1,"minecraft:oak_stairs":1,"minecraft:string":58,"minecraft:wooden_sword":2,"minecraft:flint_and_steel":1,"minecraft:iron_leggings":1,"minecraft:smooth_stone":3,"minecraft:iron_pickaxe":1,"minecraft:furnace":8,"minecraft:iron_boots":2,"minecraft:stick":7,"minecraft:oak_fence":1,"minecraft:torch":5,"minecraft:diorite":23,"minecraft:carrot":2,"minecraft:redstone":38,"minecraft:arrow":7,"minecraft:rotten_flesh":22,"minecraft:rail":1,"minecraft:cobblestone":343,"minecraft:oxeye_daisy":1,"minecraft:andesite":13,"minecraft:potato":4,"minecraft:flint":1,"minecraft:oak_log":35,"minecraft:gunpowder":2,"minecraft:dirt":112,"minecraft:lapis_lazuli":15,"minecraft:cooked_mutton":1,"minecraft:bone":17,"minecraft:apple":6,"minecraft:wheat_seeds":19,"minecraft:stone_pickaxe":3,"minecraft:iron_ingot":1,"minecraft:iron_ore":155,"minecraft:oak_planks":61,"minecraft:iron_sword":2,"minecraft:cooked_porkchop":7,"minecraft:dandelion":15,"minecraft:lava_bucket":4,"minecraft:gravel":7,"minecraft:sand":50,"minecraft:blast_furnace":3,"minecraft:white_bed":6,"minecraft:gold_ore":2,"minecraft:spider_eye":2,"minecraft:stone_axe":2,"minecraft:granite":1,"minecraft:bread":15,"minecraft:oak_sapling":10,"minecraft:coal":317}},"DataVersion":2586}