{"stats":{"minecraft:killed":{"minecraft:spider":2,"minecraft:skeleton":5,"minecraft:bat":1,"minecraft:creeper":1,"minecraft:zombie":12},"minecraft:custom":{"minecraft:mob_kills":21,"minecraft:interact_with_crafting_table":75,"minecraft:leave_game":4,"minecraft:time_since_death":128029,"minecraft:climb_one_cm":3489,"minecraft:sprint_one_cm":88891,"minecraft:walk_one_cm":613348,"minecraft:damage_blocked_by_shield":370,"minecraft:drop":94,"minecraft:talked_to_villager":82,"minecraft:deaths":1,"minecraft:sneak_time":2985,"minecraft:walk_under_water_one_cm":83,"minecraft:jump":1043,"minecraft:interact_with_blast_furnace":48,"minecraft:walk_on_water_one_cm":14116,"minecraft:interact_with_furnace":71,"minecraft:traded_with_villager":4,"minecraft:play_one_minute":146034,"minecraft:sleep_in_bed":3,"minecraft:time_since_rest":23909,"minecraft:damage_taken":1216,"minecraft:damage_dealt":3881,"minecraft:swim_one_cm":1728,"minecraft:fly_one_cm":103247,"minecraft:open_chest":54,"minecraft:crouch_one_cm":11329,"minecraft:fall_one_cm":16439},"minecraft:mined":{"minecraft:white_bed":6,"minecraft:farmland":4,"minecraft:granite":4,"minecraft:grass_block":5,"minecraft:spruce_leaves":1,"minecraft:redstone_ore":6,"minecraft:furnace":6,"minecraft:iron_ore":90,"minecraft:fire":1,"minecraft:andesite":7,"minecraft:potatoes":4,"minecraft:rail":1,"minecraft:stone":243,"minecraft:dandelion":2,"minecraft:crafting_table":8,"minecraft:blast_furnace":3,"minecraft:tall_grass":11,"minecraft:cobblestone":47,"minecraft:lapis_ore":2,"minecraft:diorite":20,"minecraft:wall_torch":3,"minecraft:grass_path":1,"minecraft:grass":132,"minecraft:oak_log":22,"minecraft:coal_ore":106,"minecraft:gravel":7,"minecraft:dirt":43,"minecraft:cobweb":55,"minecraft:gold_ore":2,"minecraft:oak_leaves":4},"minecraft:killed_by":{"minecraft:zombie":1},"minecraft:crafted":{"minecraft:wooden_sword":1,"minecraft:oak_planks":32,"minecraft:smooth_stone":6,"minecraft:furnace":4,"minecraft:blast_furnace":3,"minecraft:stone":14,"minecraft:flint_and_steel":1,"minecraft:iron_boots":2,"minecraft:iron_hoe":1,"minecraft:chest":2,"minecraft:emerald":4,"minecraft:crafting_table":3,"minecraft:wooden_pickaxe":1,"minecraft:baked_potato":4,"minecraft:iron_helmet":2,"minecraft:iron_sword":2,"minecraft:bucket":4,"minecraft:white_wool":14,"minecraft:iron_chestplate":1,"minecraft:shield":2,"minecraft:stick":32,"minecraft:iron_ingot":77,"minecraft:iron_pickaxe":2,"minecraft:wooden_axe":1,"minecraft:iron_shovel":1,"minecraft:iron_leggings":1,"minecraft:white_bed":3,"minecraft:torch":68},"minecraft:broken":{"minecraft:stone_pickaxe":1,"minecraft:iron_pickaxe":1},"minecraft:used":{"minecraft:iron_shovel":11,"minecraft:flint_and_steel":1,"minecraft:chest":2,"minecraft:shield":8,"minecraft:iron_sword":242,"minecraft:rotten_flesh":3,"minecraft:torch":38,"minecraft:dirt":11,"minecraft:carrot":1,"minecraft:iron_hoe":21,"minecraft:wooden_axe":24,"minecraft:lava_bucket":1,"minecraft:furnace":8,"minecraft:oak_sapling":6,"minecraft:potato":19,"minecraft:wheat_seeds":10,"minecraft:cooked_mutton":1,"minecraft:water_bucket":5,"minecraft:diorite":1,"minecraft:stone_pickaxe":132,"minecraft:oak_planks":4,"minecraft:wooden_pickaxe":6,"minecraft:crafting_table":7,"minecraft:blast_furnace":6,"minecraft:white_bed":7,"minecraft:apple":4,"minecraft:bread":10,"minecraft:iron_pickaxe":432,"minecraft:stone_axe":6,"minecraft:wooden_sword":34,"minecraft:cobblestone":141,"minecraft:cooked_porkchop":1,"minecraft:bucket":10},"minecraft:dropped":{"minecraft:iron_ingot":7,"minecraft:bread":5,"minecraft:iron_sword":2,"minecraft:wheat_seeds":3,"minecraft:iron_helmet":1,"minecraft:apple":4,"minecraft:coal":17,"minecraft:dirt":45,"minecraft:diorite":6,"minecraft:torch":30,"minecraft:iron_leggings":1,"minecraft:wooden_sword":1,"minecraft:dandelion":7,"minecraft:redstone":2,"minecraft:bone":7,"minecraft:rotten_flesh":12,"minecraft:oak_planks":2,"minecraft:iron_boots":3,"minecraft:flint_and_steel":1,"minecraft:potato":4,"minecraft:shield":1,"minecraft:oak_sapling":2,"minecraft:spider_eye":2,"minecraft:stone_pickaxe":1},"minecraft:picked_up":{"minecraft:wooden_axe":1,"minecraft:crafting_table":8,"minecraft:wooden_pickaxe":1,"minecraft:string":58,"minecraft:wooden_sword":2,"minecraft:flint_and_steel":1,"minecraft:iron_leggings":1,"minecraft:smooth_stone":3,"minecraft:iron_pickaxe":1,"minecraft:furnace":7,"minecraft:iron_boots":2,"minecraft:stick":3,"minecraft:oak_fence":1,"minecraft:torch":4,"minecraft:diorite":20,"minecraft:carrot":1,"minecraft:redstone":38,"minecraft:arrow":6,"minecraft:rotten_flesh":20,"minecraft:rail":1,"minecraft:cobblestone":300,"minecraft:andesite":9,"minecraft:potato":4,"minecraft:flint":1,"minecraft:oak_log":22,"minecraft:gunpowder":2,"minecraft:dirt":76,"minecraft:lapis_lazuli":15,"minecraft:cooked_mutton":1,"minecraft:bone":17,"minecraft:apple":5,"minecraft:wheat_seeds":18,"minecraft:stone_pickaxe":3,"minecraft:iron_ingot":1,"minecraft:iron_ore":153,"minecraft:oak_planks":61,"minecraft:iron_sword":2,"minecraft:cooked_porkchop":7,"minecraft:dandelion":12,"minecraft:gravel":6,"minecraft:blast_furnace":3,"minecraft:white_bed":6,"minecraft:gold_ore":2,"minecraft:spider_eye":2,"minecraft:stone_axe":2,"minecraft:granite":1,"minecraft:bread":15,"minecraft:oak_sapling":9,"minecraft:coal":317}},"DataVersion":2586}