{"stats":{"minecraft:picked_up":{"minecraft:wooden_axe":1,"minecraft:crafting_table":7,"minecraft:andesite":5,"minecraft:wooden_pickaxe":1,"minecraft:oak_log":22,"minecraft:dirt":13,"minecraft:lapis_lazuli":15,"minecraft:string":13,"minecraft:wooden_sword":2,"minecraft:flint_and_steel":1,"minecraft:bone":6,"minecraft:apple":4,"minecraft:wheat_seeds":4,"minecraft:stone_pickaxe":2,"minecraft:iron_ingot":1,"minecraft:iron_ore":108,"minecraft:iron_pickaxe":1,"minecraft:oak_planks":60,"minecraft:furnace":5,"minecraft:stick":3,"minecraft:torch":2,"minecraft:dandelion":5,"minecraft:blast_furnace":1,"minecraft:diorite":1,"minecraft:redstone":8,"minecraft:gold_ore":2,"minecraft:spider_eye":1,"minecraft:arrow":4,"minecraft:rotten_flesh":5,"minecraft:stone_axe":2,"minecraft:bread":15,"minecraft:oak_sapling":7,"minecraft:coal":257,"minecraft:cobblestone":97},"minecraft:killed":{"minecraft:spider":2,"minecraft:bat":1,"minecraft:skeleton":1,"minecraft:zombie":5},"minecraft:used":{"minecraft:stone_pickaxe":50,"minecraft:oak_planks":4,"minecraft:wooden_pickaxe":6,"minecraft:chest":1,"minecraft:shield":4,"minecraft:iron_sword":42,"minecraft:torch":21,"minecraft:dirt":11,"minecraft:crafting_table":5,"minecraft:blast_furnace":2,"minecraft:wooden_axe":24,"minecraft:apple":3,"minecraft:bread":7,"minecraft:iron_pickaxe":207,"minecraft:stone_axe":4,"minecraft:wooden_sword":34,"minecraft:cobblestone":21,"minecraft:furnace":5,"minecraft:oak_sapling":5,"minecraft:potato":19},"minecraft:custom":{"minecraft:interact_with_furnace":29,"minecraft:mob_kills":9,"minecraft:interact_with_crafting_table":42,"minecraft:play_one_minute":64475,"minecraft:leave_game":2,"minecraft:time_since_death":46470,"minecraft:sleep_in_bed":2,"minecraft:climb_one_cm":1790,"minecraft:time_since_rest":46499,"minecraft:sprint_one_cm":48781,"minecraft:damage_taken":878,"minecraft:walk_one_cm":268074,"minecraft:damage_blocked_by_shield":195,"minecraft:drop":35,"minecraft:damage_dealt":1835,"minecraft:swim_one_cm":1728,"minecraft:talked_to_villager":62,"minecraft:fly_one_cm":43222,"minecraft:open_chest":17,"minecraft:crouch_one_cm":3010,"minecraft:deaths":1,"minecraft:sneak_time":777,"minecraft:walk_under_water_one_cm":83,"minecraft:jump":468,"minecraft:interact_with_blast_furnace":25,"minecraft:walk_on_water_one_cm":7046,"minecraft:fall_one_cm":6929},"minecraft:killed_by":{"minecraft:zombie":1},"minecraft:mined":{"minecraft:dandelion":2,"minecraft:crafting_table":7,"minecraft:blast_furnace":1,"minecraft:grass_block":3,"minecraft:tall_grass":2,"minecraft:cobblestone":5,"minecraft:spruce_leaves":1,"minecraft:lapis_ore":2,"minecraft:diorite":1,"minecraft:wall_torch":2,"minecraft:furnace":5,"minecraft:iron_ore":72,"minecraft:andesite":3,"minecraft:grass":25,"minecraft:oak_log":22,"minecraft:coal_ore":103,"minecraft:dirt":10,"minecraft:cobweb":10,"minecraft:stone":55,"minecraft:gold_ore":2,"minecraft:oak_leaves":4},"minecraft:crafted":{"minecraft:wooden_sword":1,"minecraft:smooth_stone":4,"minecraft:oak_planks":32,"minecraft:crafting_table":2,"minecraft:wooden_pickaxe":1,"minecraft:iron_helmet":2,"minecraft:iron_sword":1,"minecraft:furnace":3,"minecraft:blast_furnace":1,"minecraft:stone":4,"minecraft:bucket":1,"minecraft:iron_boots":2,"minecraft:iron_chestplate":1,"minecraft:shield":2,"minecraft:stick":32,"minecraft:iron_ingot":52,"minecraft:iron_pickaxe":1,"minecraft:wooden_axe":1,"minecraft:chest":1,"minecraft:iron_leggings":1,"minecraft:torch":68},"minecraft:dropped":{"minecraft:iron_ingot":2,"minecraft:bread":5,"minecraft:iron_helmet":1,"minecraft:iron_boots":1,"minecraft:apple":4,"minecraft:coal":14,"minecraft:potato":4,"minecraft:shield":1,"minecraft:torch":30,"minecraft:wooden_sword":1}},"DataVersion":2586}