{"stats":{"minecraft:killed":{"minecraft:spider":2,"minecraft:bat":1,"minecraft:skeleton":3,"minecraft:zombie":9},"minecraft:mined":{"minecraft:dandelion":2,"minecraft:crafting_table":8,"minecraft:granite":4,"minecraft:blast_furnace":2,"minecraft:grass_block":5,"minecraft:tall_grass":3,"minecraft:cobblestone":45,"minecraft:spruce_leaves":1,"minecraft:lapis_ore":2,"minecraft:diorite":6,"minecraft:wall_torch":3,"minecraft:furnace":5,"minecraft:iron_ore":80,"minecraft:fire":1,"minecraft:andesite":7,"minecraft:grass_path":1,"minecraft:grass":62,"minecraft:oak_log":22,"minecraft:coal_ore":106,"minecraft:rail":1,"minecraft:gravel":7,"minecraft:dirt":23,"minecraft:cobweb":55,"minecraft:stone":112,"minecraft:gold_ore":2,"minecraft:oak_leaves":4},"minecraft:custom":{"minecraft:interact_with_furnace":49,"minecraft:mob_kills":15,"minecraft:traded_with_villager":4,"minecraft:interact_with_crafting_table":58,"minecraft:play_one_minute":116744,"minecraft:leave_game":2,"minecraft:time_since_death":98739,"minecraft:sleep_in_bed":2,"minecraft:climb_one_cm":1790,"minecraft:time_since_rest":98768,"minecraft:sprint_one_cm":71267,"minecraft:damage_taken":1140,"minecraft:walk_one_cm":455428,"minecraft:damage_blocked_by_shield":370,"minecraft:drop":93,"minecraft:damage_dealt":3000,"minecraft:swim_one_cm":1728,"minecraft:talked_to_villager":70,"minecraft:fly_one_cm":76410,"minecraft:open_chest":34,"minecraft:crouch_one_cm":6332,"minecraft:deaths":1,"minecraft:sneak_time":2026,"minecraft:walk_under_water_one_cm":83,"minecraft:jump":851,"minecraft:interact_with_blast_furnace":41,"minecraft:walk_on_water_one_cm":14116,"minecraft:fall_one_cm":13120},"minecraft:killed_by":{"minecraft:zombie":1},"minecraft:crafted":{"minecraft:wooden_sword":1,"minecraft:smooth_stone":6,"minecraft:oak_planks":32,"minecraft:emerald":4,"minecraft:crafting_table":3,"minecraft:iron_helmet":2,"minecraft:wooden_pickaxe":1,"minecraft:iron_sword":1,"minecraft:furnace":3,"minecraft:blast_furnace":2,"minecraft:stone":9,"minecraft:bucket":2,"minecraft:flint_and_steel":1,"minecraft:white_wool":14,"minecraft:iron_boots":2,"minecraft:iron_chestplate":1,"minecraft:shield":2,"minecraft:stick":32,"minecraft:iron_ingot":70,"minecraft:iron_pickaxe":2,"minecraft:wooden_axe":1,"minecraft:chest":2,"minecraft:iron_shovel":1,"minecraft:iron_leggings":1,"minecraft:white_bed":1,"minecraft:torch":68},"minecraft:broken":{"minecraft:stone_pickaxe":1,"minecraft:iron_pickaxe":1},"minecraft:used":{"minecraft:water_bucket":4,"minecraft:diorite":1,"minecraft:iron_shovel":11,"minecraft:flint_and_steel":1,"minecraft:stone_pickaxe":132,"minecraft:oak_planks":4,"minecraft:chest":2,"minecraft:wooden_pickaxe":6,"minecraft:shield":8,"minecraft:iron_sword":146,"minecraft:rotten_flesh":3,"minecraft:torch":38,"minecraft:dirt":11,"minecraft:crafting_table":6,"minecraft:blast_furnace":4,"minecraft:white_bed":1,"minecraft:wooden_axe":24,"minecraft:lava_bucket":1,"minecraft:apple":3,"minecraft:bread":10,"minecraft:iron_pickaxe":250,"minecraft:stone_axe":5,"minecraft:wooden_sword":34,"minecraft:cobblestone":140,"minecraft:oak_sapling":6,"minecraft:furnace":7,"minecraft:bucket":6,"minecraft:potato":19},"minecraft:dropped":{"minecraft:iron_ingot":7,"minecraft:bread":5,"minecraft:iron_sword":2,"minecraft:wheat_seeds":3,"minecraft:rotten_flesh":12,"minecraft:iron_helmet":1,"minecraft:oak_planks":2,"minecraft:iron_boots":3,"minecraft:apple":4,"minecraft:coal":17,"minecraft:flint_and_steel":1,"minecraft:potato":4,"minecraft:shield":1,"minecraft:diorite":6,"minecraft:torch":30,"minecraft:oak_sapling":2,"minecraft:iron_leggings":1,"minecraft:spider_eye":2,"minecraft:wooden_sword":1,"minecraft:stone_pickaxe":1,"minecraft:bone":7,"minecraft:dandelion":7,"minecraft:redstone":2},"minecraft:picked_up":{"minecraft:wooden_axe":1,"minecraft:crafting_table":8,"minecraft:andesite":9,"minecraft:wooden_pickaxe":1,"minecraft:flint":1,"minecraft:oak_log":22,"minecraft:lapis_lazuli":15,"minecraft:dirt":43,"minecraft:string":58,"minecraft:iron_leggings":1,"minecraft:wooden_sword":2,"minecraft:flint_and_steel":1,"minecraft:bone":16,"minecraft:apple":5,"minecraft:wheat_seeds":10,"minecraft:smooth_stone":3,"minecraft:iron_ingot":1,"minecraft:stone_pickaxe":3,"minecraft:iron_ore":148,"minecraft:iron_pickaxe":1,"minecraft:iron_sword":2,"minecraft:oak_planks":61,"minecraft:iron_boots":2,"minecraft:furnace":6,"minecraft:stick":3,"minecraft:oak_fence":1,"minecraft:torch":4,"minecraft:dandelion":12,"minecraft:gravel":6,"minecraft:blast_furnace":2,"minecraft:diorite":7,"minecraft:redstone":10,"minecraft:gold_ore":2,"minecraft:spider_eye":2,"minecraft:arrow":5,"minecraft:rotten_flesh":16,"minecraft:stone_axe":2,"minecraft:bread":15,"minecraft:oak_sapling":9,"minecraft:coal":277,"minecraft:rail":1,"minecraft:cobblestone":198}},"DataVersion":2586}