{"stats":{"minecraft:picked_up":{"minecraft:wooden_axe":1,"minecraft:crafting_table":7,"minecraft:andesite":6,"minecraft:wooden_pickaxe":1,"minecraft:oak_log":22,"minecraft:dirt":14,"minecraft:lapis_lazuli":15,"minecraft:string":58,"minecraft:wooden_sword":2,"minecraft:flint_and_steel":1,"minecraft:bone":6,"minecraft:apple":4,"minecraft:wheat_seeds":5,"minecraft:stone_pickaxe":2,"minecraft:iron_ingot":1,"minecraft:iron_ore":116,"minecraft:iron_pickaxe":1,"minecraft:oak_planks":60,"minecraft:furnace":5,"minecraft:stick":3,"minecraft:oak_fence":1,"minecraft:torch":3,"minecraft:dandelion":6,"minecraft:blast_furnace":1,"minecraft:diorite":6,"minecraft:redstone":9,"minecraft:gold_ore":2,"minecraft:spider_eye":2,"minecraft:arrow":4,"minecraft:rotten_flesh":13,"minecraft:stone_axe":2,"minecraft:bread":15,"minecraft:oak_sapling":8,"minecraft:coal":260,"minecraft:cobblestone":132},"minecraft:killed":{"minecraft:spider":2,"minecraft:bat":1,"minecraft:skeleton":1,"minecraft:zombie":5},"minecraft:used":{"minecraft:water_bucket":1,"minecraft:flint_and_steel":1,"minecraft:stone_pickaxe":59,"minecraft:oak_planks":4,"minecraft:wooden_pickaxe":6,"minecraft:chest":1,"minecraft:shield":5,"minecraft:iron_sword":90,"minecraft:torch":28,"minecraft:dirt":11,"minecraft:crafting_table":6,"minecraft:blast_furnace":2,"minecraft:wooden_axe":24,"minecraft:apple":3,"minecraft:bread":7,"minecraft:iron_pickaxe":250,"minecraft:stone_axe":4,"minecraft:wooden_sword":34,"minecraft:cobblestone":41,"minecraft:furnace":5,"minecraft:oak_sapling":5,"minecraft:bucket":3,"minecraft:potato":19},"minecraft:custom":{"minecraft:interact_with_furnace":29,"minecraft:mob_kills":9,"minecraft:interact_with_crafting_table":45,"minecraft:play_one_minute":76475,"minecraft:leave_game":2,"minecraft:time_since_death":58470,"minecraft:sleep_in_bed":2,"minecraft:climb_one_cm":1790,"minecraft:time_since_rest":58499,"minecraft:sprint_one_cm":50368,"minecraft:damage_taken":898,"minecraft:walk_one_cm":295399,"minecraft:damage_blocked_by_shield":250,"minecraft:drop":60,"minecraft:damage_dealt":1895,"minecraft:swim_one_cm":1728,"minecraft:talked_to_villager":62,"minecraft:fly_one_cm":44180,"minecraft:open_chest":22,"minecraft:crouch_one_cm":4427,"minecraft:deaths":1,"minecraft:sneak_time":1154,"minecraft:walk_under_water_one_cm":83,"minecraft:jump":538,"minecraft:interact_with_blast_furnace":29,"minecraft:walk_on_water_one_cm":7421,"minecraft:fall_one_cm":7599},"minecraft:killed_by":{"minecraft:zombie":1},"minecraft:mined":{"minecraft:dandelion":2,"minecraft:crafting_table":7,"minecraft:blast_furnace":1,"minecraft:grass_block":3,"minecraft:tall_grass":2,"minecraft:cobblestone":13,"minecraft:spruce_leaves":1,"minecraft:lapis_ore":2,"minecraft:diorite":5,"minecraft:wall_torch":2,"minecraft:furnace":5,"minecraft:iron_ore":80,"minecraft:fire":1,"minecraft:andesite":4,"minecraft:grass":25,"minecraft:oak_log":22,"minecraft:coal_ore":106,"minecraft:dirt":11,"minecraft:cobweb":55,"minecraft:stone":81,"minecraft:gold_ore":2,"minecraft:oak_leaves":4},"minecraft:crafted":{"minecraft:wooden_sword":1,"minecraft:smooth_stone":4,"minecraft:oak_planks":32,"minecraft:crafting_table":3,"minecraft:wooden_pickaxe":1,"minecraft:iron_helmet":2,"minecraft:iron_sword":1,"minecraft:furnace":3,"minecraft:blast_furnace":1,"minecraft:stone":4,"minecraft:bucket":2,"minecraft:iron_boots":2,"minecraft:iron_chestplate":1,"minecraft:shield":2,"minecraft:stick":32,"minecraft:iron_ingot":60,"minecraft:iron_pickaxe":1,"minecraft:wooden_axe":1,"minecraft:chest":1,"minecraft:iron_leggings":1,"minecraft:torch":68},"minecraft:broken":{"minecraft:iron_pickaxe":1},"minecraft:dropped":{"minecraft:iron_ingot":2,"minecraft:bread":5,"minecraft:wheat_seeds":1,"minecraft:rotten_flesh":12,"minecraft:iron_helmet":1,"minecraft:iron_boots":1,"minecraft:apple":4,"minecraft:coal":14,"minecraft:flint_and_steel":1,"minecraft:potato":4,"minecraft:shield":1,"minecraft:diorite":6,"minecraft:torch":30,"minecraft:oak_sapling":2,"minecraft:spider_eye":1,"minecraft:wooden_sword":1,"minecraft:dandelion":1,"minecraft:redstone":1}},"DataVersion":2586}