{"stats":{"minecraft:killed":{"minecraft:spider":2,"minecraft:skeleton":5,"minecraft:bat":1,"minecraft:creeper":1,"minecraft:zombie":15},"minecraft:custom":{"minecraft:mob_kills":24,"minecraft:interact_with_crafting_table":103,"minecraft:leave_game":5,"minecraft:time_since_death":247995,"minecraft:climb_one_cm":3489,"minecraft:sprint_one_cm":179700,"minecraft:walk_one_cm":1329669,"minecraft:damage_blocked_by_shield":760,"minecraft:drop":119,"minecraft:talked_to_villager":86,"minecraft:deaths":1,"minecraft:sneak_time":5967,"minecraft:walk_under_water_one_cm":5234,"minecraft:jump":1930,"minecraft:interact_with_brewingstand":2,"minecraft:interact_with_blast_furnace":56,"minecraft:walk_on_water_one_cm":24937,"minecraft:interact_with_furnace":90,"minecraft:traded_with_villager":4,"minecraft:play_one_minute":266000,"minecraft:sleep_in_bed":4,"minecraft:time_since_rest":4907,"minecraft:damage_taken":1937,"minecraft:damage_dealt":5052,"minecraft:swim_one_cm":1728,"minecraft:fly_one_cm":168129,"minecraft:open_chest":122,"minecraft:crouch_one_cm":25697,"minecraft:fall_one_cm":35788},"minecraft:mined":{"minecraft:white_bed":6,"minecraft:farmland":4,"minecraft:mossy_cobblestone":2,"minecraft:oak_door":1,"minecraft:lever":2,"minecraft:granite":4,"minecraft:grass_block":12,"minecraft:oak_pressure_plate":1,"minecraft:spruce_leaves":1,"minecraft:redstone_ore":6,"minecraft:furnace":12,"minecraft:iron_ore":93,"minecraft:fire":1,"minecraft:andesite":18,"minecraft:potatoes":6,"minecraft:rail":1,"minecraft:oak_stairs":60,"minecraft:stone":293,"minecraft:oak_slab":7,"minecraft:glass_pane":15,"minecraft:dandelion":2,"minecraft:oak_fence":4,"minecraft:crafting_table":11,"minecraft:blast_furnace":7,"minecraft:chest":2,"minecraft:tall_grass":11,"minecraft:cobblestone":128,"minecraft:lapis_ore":2,"minecraft:oak_planks":78,"minecraft:diorite":23,"minecraft:wall_torch":11,"minecraft:seagrass":6,"minecraft:grass_path":1,"minecraft:grass":154,"minecraft:oak_log":129,"minecraft:coal_ore":106,"minecraft:gravel":11,"minecraft:sand":50,"minecraft:dirt":69,"minecraft:cobweb":55,"minecraft:gold_ore":2,"minecraft:oak_leaves":48},"minecraft:killed_by":{"minecraft:zombie":1},"minecraft:crafted":{"minecraft:wooden_sword":1,"minecraft:oak_planks":387,"minecraft:smooth_stone":6,"minecraft:furnace":5,"minecraft:stone_button":3,"minecraft:blast_furnace":3,"minecraft:stone":14,"minecraft:glass_pane":16,"minecraft:flint_and_steel":1,"minecraft:glass":50,"minecraft:iron_boots":2,"minecraft:iron_axe":1,"minecraft:iron_hoe":1,"minecraft:chest":4,"minecraft:iron_door":3,"minecraft:emerald":4,"minecraft:crafting_table":3,"minecraft:iron_helmet":2,"minecraft:wooden_pickaxe":1,"minecraft:baked_potato":4,"minecraft:iron_sword":2,"minecraft:bucket":6,"minecraft:white_wool":14,"minecraft:iron_chestplate":1,"minecraft:shield":2,"minecraft:stick":32,"minecraft:oak_stairs":72,"minecraft:iron_ingot":80,"minecraft:iron_pickaxe":3,"minecraft:wooden_axe":1,"minecraft:iron_shovel":1,"minecraft:iron_leggings":1,"minecraft:white_bed":3,"minecraft:torch":68},"minecraft:broken":{"minecraft:stone_pickaxe":1,"minecraft:iron_axe":1,"minecraft:iron_pickaxe":2},"minecraft:used":{"minecraft:iron_shovel":72,"minecraft:flint_and_steel":2,"minecraft:chest":6,"minecraft:shield":13,"minecraft:stone":2,"minecraft:iron_sword":280,"minecraft:rotten_flesh":5,"minecraft:torch":43,"minecraft:dirt":31,"minecraft:carrot":2,"minecraft:iron_hoe":21,"minecraft:wooden_axe":24,"minecraft:lava_bucket":16,"minecraft:iron_axe":251,"minecraft:oak_stairs":143,"minecraft:oak_sapling":23,"minecraft:furnace":15,"minecraft:potato":19,"minecraft:wheat_seeds":10,"minecraft:cooked_mutton":1,"minecraft:water_bucket":17,"minecraft:diorite":1,"minecraft:stone_pickaxe":132,"minecraft:baked_potato":3,"minecraft:oak_planks":41,"minecraft:wooden_pickaxe":6,"minecraft:mossy_cobblestone":2,"minecraft:oak_slab":3,"minecraft:crafting_table":9,"minecraft:blast_furnace":10,"minecraft:white_bed":7,"minecraft:oak_log":4,"minecraft:apple":5,"minecraft:bread":10,"minecraft:iron_pickaxe":625,"minecraft:stone_button":3,"minecraft:iron_door":3,"minecraft:stone_axe":69,"minecraft:wooden_sword":34,"minecraft:cobblestone":302,"minecraft:cooked_porkchop":7,"minecraft:andesite":1,"minecraft:bucket":30,"minecraft:glass_pane":2},"minecraft:dropped":{"minecraft:iron_ingot":7,"minecraft:bread":5,"minecraft:iron_sword":2,"minecraft:oak_slab":1,"minecraft:wheat_seeds":3,"minecraft:baked_potato":1,"minecraft:cooked_porkchop":2,"minecraft:iron_helmet":1,"minecraft:apple":4,"minecraft:granite":1,"minecraft:coal":17,"minecraft:oxeye_daisy":1,"minecraft:lava_bucket":5,"minecraft:dirt":45,"minecraft:diorite":6,"minecraft:torch":30,"minecraft:iron_leggings":1,"minecraft:wooden_sword":1,"minecraft:dandelion":13,"minecraft:redstone":2,"minecraft:bone":7,"minecraft:rotten_flesh":16,"minecraft:oak_planks":86,"minecraft:iron_boots":3,"minecraft:flint_and_steel":1,"minecraft:potato":4,"minecraft:shield":1,"minecraft:oak_sapling":2,"minecraft:spider_eye":2,"minecraft:wooden_pickaxe":1,"minecraft:stone_pickaxe":1,"minecraft:glass":5},"minecraft:picked_up":{"minecraft:wooden_axe":1,"minecraft:crafting_table":9,"minecraft:wooden_pickaxe":1,"minecraft:oak_stairs":71,"minecraft:string":58,"minecraft:wooden_sword":2,"minecraft:flint_and_steel":2,"minecraft:iron_leggings":1,"minecraft:smooth_stone":3,"minecraft:iron_pickaxe":1,"minecraft:sugar_cane":3,"minecraft:chest":2,"minecraft:furnace":13,"minecraft:iron_boots":2,"minecraft:stick":13,"minecraft:oak_door":1,"minecraft:oak_fence":4,"minecraft:torch":12,"minecraft:diorite":23,"minecraft:carrot":3,"minecraft:redstone":38,"minecraft:arrow":7,"minecraft:rotten_flesh":30,"minecraft:rail":1,"minecraft:cobblestone":426,"minecraft:oxeye_daisy":1,"minecraft:iron_door":1,"minecraft:andesite":20,"minecraft:potato":6,"minecraft:flint":1,"minecraft:oak_log":132,"minecraft:gunpowder":2,"minecraft:lapis_lazuli":15,"minecraft:dirt":148,"minecraft:cooked_mutton":1,"minecraft:glass":5,"minecraft:bone":17,"minecraft:apple":6,"minecraft:wheat_seeds":21,"minecraft:stone_pickaxe":3,"minecraft:iron_ingot":7,"minecraft:iron_ore":156,"minecraft:iron_sword":2,"minecraft:oak_planks":146,"minecraft:oak_slab":8,"minecraft:cooked_porkchop":9,"minecraft:dandelion":15,"minecraft:oak_pressure_plate":1,"minecraft:gravel":9,"minecraft:lava_bucket":4,"minecraft:sand":50,"minecraft:blast_furnace":7,"minecraft:white_bed":6,"minecraft:gold_ore":2,"minecraft:spider_eye":2,"minecraft:mossy_cobblestone":2,"minecraft:stone_axe":2,"minecraft:lever":1,"minecraft:granite":1,"minecraft:bread":15,"minecraft:baked_potato":5,"minecraft:oak_sapling":26,"minecraft:coal":351}},"DataVersion":2586}