{"stats":{"minecraft:killed":{"minecraft:spider":2,"minecraft:bat":1,"minecraft:skeleton":2,"minecraft:zombie":6},"minecraft:mined":{"minecraft:dandelion":2,"minecraft:crafting_table":8,"minecraft:granite":4,"minecraft:blast_furnace":2,"minecraft:grass_block":4,"minecraft:tall_grass":3,"minecraft:cobblestone":45,"minecraft:spruce_leaves":1,"minecraft:lapis_ore":2,"minecraft:diorite":6,"minecraft:wall_torch":3,"minecraft:furnace":5,"minecraft:iron_ore":80,"minecraft:fire":1,"minecraft:andesite":7,"minecraft:grass":25,"minecraft:oak_log":22,"minecraft:coal_ore":106,"minecraft:rail":1,"minecraft:gravel":7,"minecraft:dirt":15,"minecraft:cobweb":55,"minecraft:stone":112,"minecraft:gold_ore":2,"minecraft:oak_leaves":4},"minecraft:custom":{"minecraft:interact_with_furnace":29,"minecraft:mob_kills":11,"minecraft:interact_with_crafting_table":51,"minecraft:play_one_minute":92744,"minecraft:leave_game":2,"minecraft:time_since_death":74739,"minecraft:sleep_in_bed":2,"minecraft:climb_one_cm":1790,"minecraft:time_since_rest":74768,"minecraft:sprint_one_cm":55121,"minecraft:damage_taken":1085,"minecraft:walk_one_cm":377109,"minecraft:damage_blocked_by_shield":250,"minecraft:drop":77,"minecraft:damage_dealt":2294,"minecraft:swim_one_cm":1728,"minecraft:talked_to_villager":62,"minecraft:fly_one_cm":51945,"minecraft:open_chest":23,"minecraft:crouch_one_cm":5375,"minecraft:deaths":1,"minecraft:sneak_time":1502,"minecraft:walk_under_water_one_cm":83,"minecraft:jump":703,"minecraft:interact_with_blast_furnace":29,"minecraft:walk_on_water_one_cm":14116,"minecraft:fall_one_cm":9300},"minecraft:killed_by":{"minecraft:zombie":1},"minecraft:crafted":{"minecraft:wooden_sword":1,"minecraft:smooth_stone":4,"minecraft:oak_planks":32,"minecraft:crafting_table":3,"minecraft:iron_helmet":2,"minecraft:wooden_pickaxe":1,"minecraft:iron_sword":1,"minecraft:furnace":3,"minecraft:blast_furnace":1,"minecraft:stone":4,"minecraft:bucket":2,"minecraft:flint_and_steel":1,"minecraft:iron_boots":2,"minecraft:iron_chestplate":1,"minecraft:shield":2,"minecraft:stick":32,"minecraft:iron_ingot":60,"minecraft:iron_pickaxe":1,"minecraft:wooden_axe":1,"minecraft:chest":1,"minecraft:iron_shovel":1,"minecraft:iron_leggings":1,"minecraft:torch":68},"minecraft:broken":{"minecraft:stone_pickaxe":1,"minecraft:iron_pickaxe":1},"minecraft:used":{"minecraft:water_bucket":4,"minecraft:diorite":1,"minecraft:iron_shovel":11,"minecraft:flint_and_steel":1,"minecraft:stone_pickaxe":132,"minecraft:oak_planks":4,"minecraft:chest":1,"minecraft:wooden_pickaxe":6,"minecraft:shield":5,"minecraft:iron_sword":105,"minecraft:torch":38,"minecraft:dirt":11,"minecraft:crafting_table":6,"minecraft:blast_furnace":2,"minecraft:wooden_axe":24,"minecraft:lava_bucket":1,"minecraft:apple":3,"minecraft:bread":10,"minecraft:iron_pickaxe":250,"minecraft:stone_axe":5,"minecraft:wooden_sword":34,"minecraft:cobblestone":119,"minecraft:oak_sapling":5,"minecraft:furnace":5,"minecraft:bucket":6,"minecraft:potato":19},"minecraft:dropped":{"minecraft:iron_ingot":7,"minecraft:bread":5,"minecraft:iron_sword":1,"minecraft:wheat_seeds":3,"minecraft:rotten_flesh":12,"minecraft:iron_helmet":1,"minecraft:oak_planks":1,"minecraft:iron_boots":1,"minecraft:apple":4,"minecraft:coal":17,"minecraft:flint_and_steel":1,"minecraft:potato":4,"minecraft:shield":1,"minecraft:diorite":6,"minecraft:torch":30,"minecraft:oak_sapling":2,"minecraft:spider_eye":1,"minecraft:wooden_sword":1,"minecraft:stone_pickaxe":1,"minecraft:dandelion":5,"minecraft:redstone":1},"minecraft:picked_up":{"minecraft:wooden_axe":1,"minecraft:crafting_table":8,"minecraft:andesite":9,"minecraft:wooden_pickaxe":1,"minecraft:flint":1,"minecraft:oak_log":22,"minecraft:lapis_lazuli":15,"minecraft:dirt":25,"minecraft:string":58,"minecraft:wooden_sword":2,"minecraft:flint_and_steel":1,"minecraft:bone":8,"minecraft:apple":4,"minecraft:wheat_seeds":5,"minecraft:iron_ingot":1,"minecraft:stone_pickaxe":3,"minecraft:iron_ore":116,"minecraft:iron_pickaxe":1,"minecraft:iron_sword":1,"minecraft:oak_planks":60,"minecraft:furnace":5,"minecraft:stick":3,"minecraft:oak_fence":1,"minecraft:torch":4,"minecraft:dandelion":9,"minecraft:gravel":6,"minecraft:blast_furnace":2,"minecraft:diorite":7,"minecraft:redstone":9,"minecraft:gold_ore":2,"minecraft:spider_eye":2,"minecraft:arrow":5,"minecraft:rotten_flesh":14,"minecraft:stone_axe":2,"minecraft:bread":15,"minecraft:oak_sapling":8,"minecraft:coal":263,"minecraft:rail":1,"minecraft:cobblestone":195}},"DataVersion":2586}