{"stats":{"minecraft:killed_by":{"minecraft:iron_golem":1,"minecraft:creeper":1},"minecraft:killed":{"minecraft:zombie":1},"minecraft:used":{"minecraft:cornflower":1,"minecraft:stone_button":1,"minecraft:rotten_flesh":2,"minecraft:torch":2,"minecraft:dirt":6,"minecraft:dandelion":2},"minecraft:picked_up":{"minecraft:torch":4,"minecraft:dandelion":2,"minecraft:stone_button":1,"minecraft:cornflower":4,"minecraft:dirt":9,"minecraft:arrow":2,"minecraft:bone":9,"minecraft:rotten_flesh":10,"minecraft:bow":1,"minecraft:poppy":1,"minecraft:iron_sword":1,"minecraft:oak_planks":1},"minecraft:custom":{"minecraft:time_since_rest":13519,"minecraft:sprint_one_cm":57313,"minecraft:damage_taken":589,"minecraft:walk_one_cm":305173,"minecraft:mob_kills":1,"minecraft:drop":10,"minecraft:damage_dealt":268,"minecraft:fly_one_cm":21014,"minecraft:play_one_minute":53606,"minecraft:crouch_one_cm":1025,"minecraft:deaths":2,"minecraft:sneak_time":589,"minecraft:walk_under_water_one_cm":8517,"minecraft:jump":439,"minecraft:leave_game":1,"minecraft:walk_on_water_one_cm":2003,"minecraft:time_since_death":13476,"minecraft:sleep_in_bed":1,"minecraft:fall_one_cm":7717},"minecraft:mined":{"minecraft:cornflower":1,"minecraft:torch":2,"minecraft:grass":3,"minecraft:stone_button":1,"minecraft:grass_block":3,"minecraft:poppy":1,"minecraft:dirt":5,"minecraft:tall_grass":2,"minecraft:oak_planks":1,"minecraft:oak_leaves":2},"minecraft:dropped":{"minecraft:cornflower":3,"minecraft:rotten_flesh":3,"minecraft:bone":4}},"DataVersion":2586}