{"stats":{"minecraft:killed_by":{"minecraft:iron_golem":1},"minecraft:used":{"minecraft:dirt":6,"minecraft:stone_button":1},"minecraft:picked_up":{"minecraft:bone":1,"minecraft:torch":1,"minecraft:stone_button":1,"minecraft:poppy":1,"minecraft:cornflower":1,"minecraft:dirt":9},"minecraft:custom":{"minecraft:time_since_rest":13556,"minecraft:deaths":1,"minecraft:crouch_one_cm":574,"minecraft:play_one_minute":29606,"minecraft:sprint_one_cm":12837,"minecraft:damage_taken":284,"minecraft:walk_one_cm":152459,"minecraft:sneak_time":474,"minecraft:walk_under_water_one_cm":1135,"minecraft:jump":273,"minecraft:damage_dealt":30,"minecraft:leave_game":1,"minecraft:time_since_death":13524,"minecraft:walk_on_water_one_cm":1279,"minecraft:fall_one_cm":3562,"minecraft:fly_one_cm":2435},"minecraft:mined":{"minecraft:grass":1,"minecraft:stone_button":1,"minecraft:grass_block":3,"minecraft:poppy":1,"minecraft:dirt":4,"minecraft:oak_leaves":2,"minecraft:cornflower":1}},"DataVersion":2586}