{"stats":{"minecraft:killed_by":{"minecraft:iron_golem":1,"minecraft:creeper":1},"minecraft:killed":{"minecraft:zombie":1},"minecraft:used":{"minecraft:cornflower":1,"minecraft:baked_potato":5,"minecraft:stone_button":1,"minecraft:rotten_flesh":4,"minecraft:torch":3,"minecraft:dirt":12,"minecraft:potato":6,"minecraft:dandelion":3},"minecraft:picked_up":{"minecraft:lilac":1,"minecraft:pumpkin":2,"minecraft:torch":4,"minecraft:dandelion":3,"minecraft:potato":1,"minecraft:stone_button":1,"minecraft:string":1,"minecraft:spider_eye":1,"minecraft:cornflower":4,"minecraft:dirt":22,"minecraft:arrow":2,"minecraft:bone":9,"minecraft:rotten_flesh":16,"minecraft:bow":1,"minecraft:poppy":1,"minecraft:baked_potato":5,"minecraft:iron_sword":1,"minecraft:oak_planks":1},"minecraft:custom":{"minecraft:time_since_rest":32945,"minecraft:sprint_one_cm":101693,"minecraft:damage_taken":999,"minecraft:walk_one_cm":470851,"minecraft:mob_kills":1,"minecraft:drop":15,"minecraft:damage_dealt":346,"minecraft:interact_with_crafting_table":1,"minecraft:fly_one_cm":45192,"minecraft:open_chest":6,"minecraft:play_one_minute":89606,"minecraft:crouch_one_cm":2147,"minecraft:deaths":2,"minecraft:sneak_time":848,"minecraft:walk_under_water_one_cm":10732,"minecraft:jump":861,"minecraft:leave_game":1,"minecraft:walk_on_water_one_cm":5236,"minecraft:time_since_death":49476,"minecraft:sleep_in_bed":2,"minecraft:fall_one_cm":13672},"minecraft:mined":{"minecraft:lilac":1,"minecraft:dandelion":1,"minecraft:pumpkin":2,"minecraft:cornflower":1,"minecraft:torch":2,"minecraft:grass":5,"minecraft:stone_button":1,"minecraft:grass_block":11,"minecraft:poppy":1,"minecraft:dirt":11,"minecraft:tall_grass":2,"minecraft:oak_planks":1,"minecraft:oak_leaves":2},"minecraft:dropped":{"minecraft:cornflower":3,"minecraft:rotten_flesh":3,"minecraft:spider_eye":1,"minecraft:bow":1,"minecraft:bone":7}},"DataVersion":2586}