{"stats":{"minecraft:used":{"minecraft:dirt":1},"minecraft:picked_up":{"minecraft:poppy":1,"minecraft:dirt":3},"minecraft:custom":{"minecraft:jump":50,"minecraft:time_since_rest":5606,"minecraft:damage_dealt":10,"minecraft:play_one_minute":5606,"minecraft:leave_game":1,"minecraft:time_since_death":5606,"minecraft:walk_one_cm":27595,"minecraft:sneak_time":22,"minecraft:fall_one_cm":209,"minecraft:fly_one_cm":106},"minecraft:mined":{"minecraft:grass":1,"minecraft:grass_block":1,"minecraft:poppy":1,"minecraft:oak_leaves":2,"minecraft:dirt":2}},"DataVersion":2586}