{"stats":{"minecraft:killed_by":{"minecraft:iron_golem":1},"minecraft:used":{"minecraft:dirt":3,"minecraft:stone_button":1},"minecraft:picked_up":{"minecraft:stone_button":1,"minecraft:poppy":1,"minecraft:dirt":6},"minecraft:custom":{"minecraft:time_since_rest":1556,"minecraft:deaths":1,"minecraft:crouch_one_cm":83,"minecraft:play_one_minute":17606,"minecraft:sprint_one_cm":5256,"minecraft:damage_taken":284,"minecraft:walk_one_cm":98238,"minecraft:sneak_time":53,"minecraft:walk_under_water_one_cm":1135,"minecraft:jump":194,"minecraft:damage_dealt":20,"minecraft:leave_game":1,"minecraft:time_since_death":1524,"minecraft:walk_on_water_one_cm":685,"minecraft:fall_one_cm":2308,"minecraft:fly_one_cm":1528},"minecraft:mined":{"minecraft:grass":1,"minecraft:stone_button":1,"minecraft:grass_block":3,"minecraft:poppy":1,"minecraft:dirt":4,"minecraft:oak_leaves":2}},"DataVersion":2586}