{"stats":{"minecraft:killed_by":{"minecraft:iron_golem":1,"minecraft:creeper":1},"minecraft:killed":{"minecraft:zombie":1},"minecraft:used":{"minecraft:torch":1,"minecraft:cornflower":1,"minecraft:dirt":6,"minecraft:stone_button":1,"minecraft:rotten_flesh":2},"minecraft:picked_up":{"minecraft:bone":1,"minecraft:rotten_flesh":10,"minecraft:torch":2,"minecraft:stone_button":1,"minecraft:poppy":1,"minecraft:iron_sword":1,"minecraft:cornflower":4,"minecraft:dirt":9},"minecraft:custom":{"minecraft:time_since_rest":1519,"minecraft:deaths":2,"minecraft:crouch_one_cm":961,"minecraft:play_one_minute":41606,"minecraft:sprint_one_cm":34621,"minecraft:damage_taken":529,"minecraft:walk_one_cm":221110,"minecraft:sneak_time":574,"minecraft:walk_under_water_one_cm":1135,"minecraft:mob_kills":1,"minecraft:drop":7,"minecraft:jump":363,"minecraft:damage_dealt":258,"minecraft:leave_game":1,"minecraft:time_since_death":1476,"minecraft:walk_on_water_one_cm":1279,"minecraft:sleep_in_bed":1,"minecraft:fall_one_cm":6823,"minecraft:fly_one_cm":17119},"minecraft:mined":{"minecraft:grass":1,"minecraft:stone_button":1,"minecraft:grass_block":3,"minecraft:poppy":1,"minecraft:dirt":4,"minecraft:tall_grass":2,"minecraft:oak_leaves":2,"minecraft:cornflower":1,"minecraft:torch":1},"minecraft:dropped":{"minecraft:rotten_flesh":3,"minecraft:cornflower":3,"minecraft:bone":1}},"DataVersion":2586}